"gameID","date","homeTeam","awayTeam","timeLeft","playerID","player","playerFull","playerTeam","type","number","result","ownScore","oppScore","secondsLeft","minutesLeft","thisNumber","prevTries","totalNumber","isHomeTeam","otherTeam","resultScoreDiff","success","prevScoreDiff","closeness","ahead","under5min","within5","clutch55","overtime","down1","tie"
"20120107MIANJN","2012-01-07","NJN","MIA","00:37:53",NA,NA,NA,"NJN","Normal","1 of 1","Missed",14,25,2273,37,"1",0,"1",TRUE,"MIA",-11,FALSE,-11,11,FALSE,FALSE,FALSE,FALSE,FALSE,FALSE,FALSE
"20120107MIANJN","2012-01-07","NJN","MIA","00:37:32",NA,NA,NA,"NJN","Normal","1 of 2","Made",15,25,2252,37,"1",0,"2",TRUE,"MIA",-10,TRUE,-11,11,FALSE,FALSE,FALSE,FALSE,FALSE,FALSE,FALSE
"20120107MIANJN","2012-01-07","NJN","MIA","00:37:32",NA,NA,NA,"NJN","Normal","2 of 2","Made",16,25,2252,37,"2",1,"2",TRUE,"MIA",-9,TRUE,-10,10,FALSE,FALSE,FALSE,FALSE,FALSE,FALSE,FALSE
"20120107MIANJN","2012-01-07","NJN","MIA","00:13:19",NA,NA,NA,"NJN","Normal","1 of 2","Missed",59,74,799,13,"1",0,"2",TRUE,"MIA",-15,FALSE,-15,15,FALSE,FALSE,FALSE,FALSE,FALSE,FALSE,FALSE
"20120107MIANJN","2012-01-07","NJN","MIA","00:13:19",NA,NA,NA,"NJN","Normal","2 of 2","Missed",59,74,799,13,"2",1,"2",TRUE,"MIA",-15,FALSE,-15,15,FALSE,FALSE,FALSE,FALSE,FALSE,FALSE,FALSE
"20120107MIANJN","2012-01-07","NJN","MIA","00:09:18",NA,NA,NA,"NJN","Normal","1 of 2","Made",70,85,558,9,"1",0,"2",TRUE,"MIA",-15,TRUE,-16,16,FALSE,FALSE,FALSE,FALSE,FALSE,FALSE,FALSE
"20120107MIANJN","2012-01-07","NJN","MIA","00:09:18",NA,NA,NA,"NJN","Normal","2 of 2","Made",71,85,558,9,"2",1,"2",TRUE,"MIA",-14,TRUE,-15,15,FALSE,FALSE,FALSE,FALSE,FALSE,FALSE,FALSE
"20120107MIANJN","2012-01-07","NJN","MIA","00:07:41",NA,NA,NA,"NJN","Normal","1 of 2","Missed",73,89,461,7,"1",0,"2",TRUE,"MIA",-16,FALSE,-16,16,FALSE,FALSE,FALSE,FALSE,FALSE,FALSE,FALSE
"20120107MIANJN","2012-01-07","NJN","MIA","00:07:41",NA,NA,NA,"NJN","Normal","2 of 2","Missed",73,89,461,7,"2",1,"2",TRUE,"MIA",-16,FALSE,-16,16,FALSE,FALSE,FALSE,FALSE,FALSE,FALSE,FALSE
"20120107MIANJN","2012-01-07","NJN","MIA","00:06:17",NA,NA,NA,"NJN","Technical","1 of 1","Made",74,89,377,6,"1",0,"1",TRUE,"MIA",-15,TRUE,-16,16,FALSE,FALSE,FALSE,FALSE,FALSE,FALSE,FALSE
"20120109ATLNJN","2012-01-09","NJN","ATL","00:36:32",NA,NA,NA,"NJN","Normal","1 of 2","Made",15,29,2192,36,"1",0,"2",TRUE,"ATL",-14,TRUE,-15,15,FALSE,FALSE,FALSE,FALSE,FALSE,FALSE,FALSE
"20120109ATLNJN","2012-01-09","NJN","ATL","00:36:32",NA,NA,NA,"NJN","Normal","2 of 2","Made",16,29,2192,36,"2",1,"2",TRUE,"ATL",-13,TRUE,-14,14,FALSE,FALSE,FALSE,FALSE,FALSE,FALSE,FALSE
"20120109ATLNJN","2012-01-09","NJN","ATL","00:24:36",NA,NA,NA,"NJN","Normal","1 of 2","Made",44,53,1476,24,"1",0,"2",TRUE,"ATL",-9,TRUE,-10,10,FALSE,FALSE,FALSE,FALSE,FALSE,FALSE,FALSE
"20120109ATLNJN","2012-01-09","NJN","ATL","00:24:36",NA,NA,NA,"NJN","Normal","2 of 2","Made",45,53,1476,24,"2",1,"2",TRUE,"ATL",-8,TRUE,-9,9,FALSE,FALSE,FALSE,FALSE,FALSE,FALSE,FALSE
"20120111NJNDEN","2012-01-11","DEN","NJN","00:24:10",NA,NA,NA,"NJN","Normal","1 of 2","Missed",51,68,1450,24,"1",0,"2",FALSE,"DEN",-17,FALSE,-17,17,FALSE,FALSE,FALSE,FALSE,FALSE,FALSE,FALSE
"20120111NJNDEN","2012-01-11","DEN","NJN","00:24:10",NA,NA,NA,"NJN","Normal","2 of 2","Made",52,68,1450,24,"2",1,"2",FALSE,"DEN",-16,TRUE,-17,17,FALSE,FALSE,FALSE,FALSE,FALSE,FALSE,FALSE
"20120114NJNUTA","2012-01-14","UTA","NJN","00:28:27",NA,NA,NA,"NJN","Normal","1 of 2","Made",32,44,1707,28,"1",0,"2",FALSE,"UTA",-12,TRUE,-13,13,FALSE,FALSE,FALSE,FALSE,FALSE,FALSE,FALSE
"20120114NJNUTA","2012-01-14","UTA","NJN","00:28:27",NA,NA,NA,"NJN","Normal","2 of 2","Made",33,44,1707,28,"2",1,"2",FALSE,"UTA",-11,TRUE,-12,12,FALSE,FALSE,FALSE,FALSE,FALSE,FALSE,FALSE
"20120114NJNUTA","2012-01-14","UTA","NJN","00:26:03",NA,NA,NA,"NJN","Normal","1 of 2","Made",39,48,1563,26,"1",0,"2",FALSE,"UTA",-9,TRUE,-10,10,FALSE,FALSE,FALSE,FALSE,FALSE,FALSE,FALSE
"20120114NJNUTA","2012-01-14","UTA","NJN","00:26:03",NA,NA,NA,"NJN","Normal","2 of 2","Made",40,48,1563,26,"2",1,"2",FALSE,"UTA",-8,TRUE,-9,9,FALSE,FALSE,FALSE,FALSE,FALSE,FALSE,FALSE
"20120114NJNUTA","2012-01-14","UTA","NJN","00:17:59",NA,NA,NA,"NJN","Normal","1 of 2","Missed",54,67,1079,17,"1",0,"2",FALSE,"UTA",-13,FALSE,-13,13,FALSE,FALSE,FALSE,FALSE,FALSE,FALSE,FALSE
"20120114NJNUTA","2012-01-14","UTA","NJN","00:17:59",NA,NA,NA,"NJN","Normal","2 of 2","Made",55,67,1079,17,"2",1,"2",FALSE,"UTA",-12,TRUE,-13,13,FALSE,FALSE,FALSE,FALSE,FALSE,FALSE,FALSE
"20120114NJNUTA","2012-01-14","UTA","NJN","00:13:11",NA,NA,NA,"NJN","Normal","1 of 2","Made",64,82,791,13,"1",0,"2",FALSE,"UTA",-18,TRUE,-19,19,FALSE,FALSE,FALSE,FALSE,FALSE,FALSE,FALSE
"20120114NJNUTA","2012-01-14","UTA","NJN","00:13:11",NA,NA,NA,"NJN","Normal","2 of 2","Made",65,82,791,13,"2",1,"2",FALSE,"UTA",-17,TRUE,-18,18,FALSE,FALSE,FALSE,FALSE,FALSE,FALSE,FALSE
"20120114NJNUTA","2012-01-14","UTA","NJN","00:12:54",NA,NA,NA,"NJN","Normal","1 of 2","Made",66,85,774,12,"1",0,"2",FALSE,"UTA",-19,TRUE,-20,20,FALSE,FALSE,FALSE,FALSE,FALSE,FALSE,FALSE
"20120114NJNUTA","2012-01-14","UTA","NJN","00:12:54",NA,NA,NA,"NJN","Normal","2 of 2","Made",67,85,774,12,"2",1,"2",FALSE,"UTA",-18,TRUE,-19,19,FALSE,FALSE,FALSE,FALSE,FALSE,FALSE,FALSE
"20120121OKCNJN","2012-01-21","NJN","OKC","00:18:22",NA,NA,NA,"NJN","Normal","1 of 3","Made",42,54,1102,18,"1",0,"3",TRUE,"OKC",-12,TRUE,-13,13,FALSE,FALSE,FALSE,FALSE,FALSE,FALSE,FALSE
"20120121OKCNJN","2012-01-21","NJN","OKC","00:18:22",NA,NA,NA,"NJN","Normal","2 of 3","Made",43,54,1102,18,"2",1,"3",TRUE,"OKC",-11,TRUE,-12,12,FALSE,FALSE,FALSE,FALSE,FALSE,FALSE,FALSE
"20120121OKCNJN","2012-01-21","NJN","OKC","00:18:22",NA,NA,NA,"NJN","Normal","3 of 3","Made",44,54,1102,18,"3",2,"3",TRUE,"OKC",-10,TRUE,-11,11,FALSE,FALSE,FALSE,FALSE,FALSE,FALSE,FALSE
"20120121OKCNJN","2012-01-21","NJN","OKC","00:12:26",NA,NA,NA,"NJN","Normal","1 of 2","Made",51,61,746,12,"1",0,"2",TRUE,"OKC",-10,TRUE,-11,11,FALSE,FALSE,FALSE,FALSE,FALSE,FALSE,FALSE
"20120121OKCNJN","2012-01-21","NJN","OKC","00:12:26",NA,NA,NA,"NJN","Normal","2 of 2","Missed",51,61,746,12,"2",1,"2",TRUE,"OKC",-10,FALSE,-10,10,FALSE,FALSE,FALSE,FALSE,FALSE,FALSE,FALSE
"20120121OKCNJN","2012-01-21","NJN","OKC","00:03:18",NA,NA,NA,"NJN","Technical","1 of 1","Made",67,77,198,3,"1",0,"1",TRUE,"OKC",-10,TRUE,-11,11,FALSE,TRUE,FALSE,FALSE,FALSE,FALSE,FALSE
"20120122CHANJN","2012-01-22","NJN","CHA","00:36:28",NA,NA,NA,"NJN","Normal","1 of 2","Missed",25,21,2188,36,"1",0,"2",TRUE,"CHA",4,FALSE,4,4,TRUE,FALSE,TRUE,FALSE,FALSE,FALSE,FALSE
"20120122CHANJN","2012-01-22","NJN","CHA","00:36:28",NA,NA,NA,"NJN","Normal","2 of 2","Made",26,21,2188,36,"2",1,"2",TRUE,"CHA",5,TRUE,4,4,TRUE,FALSE,TRUE,FALSE,FALSE,FALSE,FALSE
"20120122CHANJN","2012-01-22","NJN","CHA","00:28:54",NA,NA,NA,"NJN","Normal","1 of 1","Made",45,35,1734,28,"1",0,"1",TRUE,"CHA",10,TRUE,9,9,TRUE,FALSE,FALSE,FALSE,FALSE,FALSE,FALSE
"20120122CHANJN","2012-01-22","NJN","CHA","00:24:02",NA,NA,NA,"NJN","Normal","1 of 2","Made",57,42,1442,24,"1",0,"2",TRUE,"CHA",15,TRUE,14,14,TRUE,FALSE,FALSE,FALSE,FALSE,FALSE,FALSE
"20120122CHANJN","2012-01-22","NJN","CHA","00:24:02",NA,NA,NA,"NJN","Normal","2 of 2","Made",58,42,1442,24,"2",1,"2",TRUE,"CHA",16,TRUE,15,15,TRUE,FALSE,FALSE,FALSE,FALSE,FALSE,FALSE
"20120123NJNCHI","2012-01-23","CHI","NJN","00:40:54",NA,NA,NA,"NJN","Normal","1 of 2","Missed",10,20,2454,40,"1",0,"2",FALSE,"CHI",-10,FALSE,-10,10,FALSE,FALSE,FALSE,FALSE,FALSE,FALSE,FALSE
"20120123NJNCHI","2012-01-23","CHI","NJN","00:40:54",NA,NA,NA,"NJN","Normal","2 of 2","Made",11,20,2454,40,"2",1,"2",FALSE,"CHI",-9,TRUE,-10,10,FALSE,FALSE,FALSE,FALSE,FALSE,FALSE,FALSE
"20120123NJNCHI","2012-01-23","CHI","NJN","00:17:36",NA,NA,NA,"NJN","Normal","1 of 2","Made",58,72,1056,17,"1",0,"2",FALSE,"CHI",-14,TRUE,-15,15,FALSE,FALSE,FALSE,FALSE,FALSE,FALSE,FALSE
"20120123NJNCHI","2012-01-23","CHI","NJN","00:17:36",NA,NA,NA,"NJN","Normal","2 of 2","Made",59,72,1056,17,"2",1,"2",FALSE,"CHI",-13,TRUE,-14,14,FALSE,FALSE,FALSE,FALSE,FALSE,FALSE,FALSE
"20120123NJNCHI","2012-01-23","CHI","NJN","00:11:41",NA,NA,NA,"NJN","Normal","1 of 2","Missed",68,85,701,11,"1",0,"2",FALSE,"CHI",-17,FALSE,-17,17,FALSE,FALSE,FALSE,FALSE,FALSE,FALSE,FALSE
"20120123NJNCHI","2012-01-23","CHI","NJN","00:11:41",NA,NA,NA,"NJN","Normal","2 of 2","Missed",68,85,701,11,"2",1,"2",FALSE,"CHI",-17,FALSE,-17,17,FALSE,FALSE,FALSE,FALSE,FALSE,FALSE,FALSE
"20120123NJNCHI","2012-01-23","CHI","NJN","00:08:12",NA,NA,NA,"NJN","Normal","1 of 2","Made",74,93,492,8,"1",0,"2",FALSE,"CHI",-19,TRUE,-20,20,FALSE,FALSE,FALSE,FALSE,FALSE,FALSE,FALSE
"20120123NJNCHI","2012-01-23","CHI","NJN","00:08:12",NA,NA,NA,"NJN","Normal","2 of 2","Made",75,93,492,8,"2",1,"2",FALSE,"CHI",-18,TRUE,-19,19,FALSE,FALSE,FALSE,FALSE,FALSE,FALSE,FALSE
"20120125NJNPHI","2012-01-25","PHI","NJN","00:39:08",NA,NA,NA,"NJN","Technical","1 of 1","Missed",15,16,2348,39,"1",0,"1",FALSE,"PHI",-1,FALSE,-1,1,FALSE,FALSE,TRUE,FALSE,FALSE,TRUE,FALSE
"20120125NJNPHI","2012-01-25","PHI","NJN","00:26:13",NA,NA,NA,"NJN","Normal","1 of 1","Made",39,38,1573,26,"1",0,"1",FALSE,"PHI",1,TRUE,0,0,FALSE,FALSE,TRUE,FALSE,FALSE,FALSE,TRUE
"20120125NJNPHI","2012-01-25","PHI","NJN","00:10:52",NA,NA,NA,"NJN","Normal","1 of 2","Made",67,65,652,10,"1",0,"2",FALSE,"PHI",2,TRUE,1,1,TRUE,FALSE,TRUE,FALSE,FALSE,FALSE,FALSE
"20120125NJNPHI","2012-01-25","PHI","NJN","00:10:52",NA,NA,NA,"NJN","Normal","2 of 2","Missed",67,65,652,10,"2",1,"2",FALSE,"PHI",2,FALSE,2,2,TRUE,FALSE,TRUE,FALSE,FALSE,FALSE,FALSE
"20120125NJNPHI","2012-01-25","PHI","NJN","00:03:29",NA,NA,NA,"NJN","Normal","1 of 2","Made",76,73,209,3,"1",0,"2",FALSE,"PHI",3,TRUE,2,2,TRUE,TRUE,TRUE,TRUE,FALSE,FALSE,FALSE
"20120125NJNPHI","2012-01-25","PHI","NJN","00:03:29",NA,NA,NA,"NJN","Normal","2 of 2","Made",77,73,209,3,"2",1,"2",FALSE,"PHI",4,TRUE,3,3,TRUE,TRUE,TRUE,TRUE,FALSE,FALSE,FALSE
"20120127NJNCLE","2012-01-27","CLE","NJN","00:25:05",NA,NA,NA,"NJN","Normal","1 of 1","Made",45,33,1505,25,"1",0,"1",FALSE,"CLE",12,TRUE,11,11,TRUE,FALSE,FALSE,FALSE,FALSE,FALSE,FALSE
"20120127NJNCLE","2012-01-27","CLE","NJN","00:18:52",NA,NA,NA,"NJN","Normal","1 of 2","Made",59,47,1132,18,"1",0,"2",FALSE,"CLE",12,TRUE,11,11,TRUE,FALSE,FALSE,FALSE,FALSE,FALSE,FALSE
"20120127NJNCLE","2012-01-27","CLE","NJN","00:18:52",NA,NA,NA,"NJN","Normal","2 of 2","Made",60,47,1132,18,"2",1,"2",FALSE,"CLE",13,TRUE,12,12,TRUE,FALSE,FALSE,FALSE,FALSE,FALSE,FALSE
"20120127NJNCLE","2012-01-27","CLE","NJN","00:13:01",NA,NA,NA,"CLE","Normal","1 of 2","Missed",58,70,781,13,"1",0,"2",TRUE,"NJN",-12,FALSE,-12,12,FALSE,FALSE,FALSE,FALSE,FALSE,FALSE,FALSE
"20120127NJNCLE","2012-01-27","CLE","NJN","00:13:01",NA,NA,NA,"CLE","Normal","2 of 2","Made",59,70,781,13,"2",1,"2",TRUE,"NJN",-11,TRUE,-12,12,FALSE,FALSE,FALSE,FALSE,FALSE,FALSE,FALSE
"20120127NJNCLE","2012-01-27","CLE","NJN","00:07:04",NA,NA,NA,"NJN","Normal","1 of 2","Made",82,68,424,7,"1",0,"2",FALSE,"CLE",14,TRUE,13,13,TRUE,FALSE,FALSE,FALSE,FALSE,FALSE,FALSE
"20120127NJNCLE","2012-01-27","CLE","NJN","00:07:04",NA,NA,NA,"NJN","Normal","2 of 2","Made",83,68,424,7,"2",1,"2",FALSE,"CLE",15,TRUE,14,14,TRUE,FALSE,FALSE,FALSE,FALSE,FALSE,FALSE
"20120127NJNCLE","2012-01-27","CLE","NJN","00:00:31",NA,NA,NA,"NJN","Normal","1 of 2","Missed",96,89,31,0,"1",0,"2",FALSE,"CLE",7,FALSE,7,7,TRUE,TRUE,FALSE,FALSE,FALSE,FALSE,FALSE
"20120127NJNCLE","2012-01-27","CLE","NJN","00:00:31",NA,NA,NA,"NJN","Normal","2 of 2","Made",97,89,31,0,"2",1,"2",FALSE,"CLE",8,TRUE,7,7,TRUE,TRUE,FALSE,FALSE,FALSE,FALSE,FALSE
"20120129ATLNOH","2012-01-29","NOH","ATL","00:27:19",NA,NA,NA,"ATL","Technical","1 of 1","Missed",40,34,1639,27,"1",0,"1",FALSE,"NOH",6,FALSE,6,6,TRUE,FALSE,FALSE,FALSE,FALSE,FALSE,FALSE
"20120129ATLNOH","2012-01-29","NOH","ATL","00:14:56",NA,NA,NA,"ATL","Normal","1 of 1","Made",65,50,896,14,"1",0,"1",FALSE,"NOH",15,TRUE,14,14,TRUE,FALSE,FALSE,FALSE,FALSE,FALSE,FALSE
"20120129ATLNOH","2012-01-29","NOH","ATL","00:13:21",NA,NA,NA,"ATL","Normal","1 of 2","Made",71,50,801,13,"1",0,"2",FALSE,"NOH",21,TRUE,20,20,TRUE,FALSE,FALSE,FALSE,FALSE,FALSE,FALSE
"20120129ATLNOH","2012-01-29","NOH","ATL","00:13:21",NA,NA,NA,"ATL","Normal","2 of 2","Missed",71,50,801,13,"2",1,"2",FALSE,"NOH",21,FALSE,21,21,TRUE,FALSE,FALSE,FALSE,FALSE,FALSE,FALSE
"20120129ATLNOH","2012-01-29","NOH","ATL","00:08:42",NA,NA,NA,"ATL","Normal","1 of 2","Made",79,56,522,8,"1",0,"2",FALSE,"NOH",23,TRUE,22,22,TRUE,FALSE,FALSE,FALSE,FALSE,FALSE,FALSE
"20120129ATLNOH","2012-01-29","NOH","ATL","00:08:42",NA,NA,NA,"ATL","Normal","2 of 2","Made",80,56,522,8,"2",1,"2",FALSE,"NOH",24,TRUE,23,23,TRUE,FALSE,FALSE,FALSE,FALSE,FALSE,FALSE
"20120129TORNJN","2012-01-29","NJN","TOR","00:38:08",NA,NA,NA,"NJN","Normal","1 of 2","Made",18,20,2288,38,"1",0,"2",TRUE,"TOR",-2,TRUE,-3,3,FALSE,FALSE,TRUE,FALSE,FALSE,FALSE,FALSE
"20120129TORNJN","2012-01-29","NJN","TOR","00:38:08",NA,NA,NA,"NJN","Normal","2 of 2","Made",19,20,2288,38,"2",1,"2",TRUE,"TOR",-1,TRUE,-2,2,FALSE,FALSE,TRUE,FALSE,FALSE,FALSE,FALSE
"20120129TORNJN","2012-01-29","NJN","TOR","00:29:54",NA,NA,NA,"NJN","Normal","1 of 2","Missed",30,36,1794,29,"1",0,"2",TRUE,"TOR",-6,FALSE,-6,6,FALSE,FALSE,FALSE,FALSE,FALSE,FALSE,FALSE
"20120129TORNJN","2012-01-29","NJN","TOR","00:29:54",NA,NA,NA,"NJN","Normal","2 of 2","Made",31,36,1794,29,"2",1,"2",TRUE,"TOR",-5,TRUE,-6,6,FALSE,FALSE,FALSE,FALSE,FALSE,FALSE,FALSE
"20120129TORNJN","2012-01-29","NJN","TOR","00:25:32",NA,NA,NA,"NJN","Normal","1 of 2","Made",36,44,1532,25,"1",0,"2",TRUE,"TOR",-8,TRUE,-9,9,FALSE,FALSE,FALSE,FALSE,FALSE,FALSE,FALSE
"20120129TORNJN","2012-01-29","NJN","TOR","00:25:32",NA,NA,NA,"NJN","Normal","2 of 2","Made",37,44,1532,25,"2",1,"2",TRUE,"TOR",-7,TRUE,-8,8,FALSE,FALSE,FALSE,FALSE,FALSE,FALSE,FALSE
"20120129TORNJN","2012-01-29","NJN","TOR","00:24:26",NA,NA,NA,"TOR","Normal","1 of 2","Missed",44,37,1466,24,"1",0,"2",FALSE,"NJN",7,FALSE,7,7,TRUE,FALSE,FALSE,FALSE,FALSE,FALSE,FALSE
"20120129TORNJN","2012-01-29","NJN","TOR","00:24:26",NA,NA,NA,"TOR","Normal","2 of 2","Missed",44,37,1466,24,"2",1,"2",FALSE,"NJN",7,FALSE,7,7,TRUE,FALSE,FALSE,FALSE,FALSE,FALSE,FALSE
"20120129TORNJN","2012-01-29","NJN","TOR","00:20:01",NA,NA,NA,"NJN","Normal","1 of 1","Missed",43,56,1201,20,"1",0,"1",TRUE,"TOR",-13,FALSE,-13,13,FALSE,FALSE,FALSE,FALSE,FALSE,FALSE,FALSE
"20120129TORNJN","2012-01-29","NJN","TOR","00:14:52",NA,NA,NA,"NJN","Normal","1 of 2","Missed",49,64,892,14,"1",0,"2",TRUE,"TOR",-15,FALSE,-15,15,FALSE,FALSE,FALSE,FALSE,FALSE,FALSE,FALSE
"20120129TORNJN","2012-01-29","NJN","TOR","00:14:52",NA,NA,NA,"NJN","Normal","2 of 2","Missed",49,64,892,14,"2",1,"2",TRUE,"TOR",-15,FALSE,-15,15,FALSE,FALSE,FALSE,FALSE,FALSE,FALSE,FALSE
"20120129TORNJN","2012-01-29","NJN","TOR","00:11:29",NA,NA,NA,"NJN","Normal","1 of 1","Made",57,70,689,11,"1",0,"1",TRUE,"TOR",-13,TRUE,-14,14,FALSE,FALSE,FALSE,FALSE,FALSE,FALSE,FALSE
"20120129TORNJN","2012-01-29","NJN","TOR","00:02:10",NA,NA,NA,"NJN","Normal","1 of 2","Missed",70,90,130,2,"1",0,"2",TRUE,"TOR",-20,FALSE,-20,20,FALSE,TRUE,FALSE,FALSE,FALSE,FALSE,FALSE
"20120129TORNJN","2012-01-29","NJN","TOR","00:02:10",NA,NA,NA,"NJN","Normal","2 of 2","Made",71,90,130,2,"2",1,"2",TRUE,"TOR",-19,TRUE,-20,20,FALSE,TRUE,FALSE,FALSE,FALSE,FALSE,FALSE
"20120131ATLTOR","2012-01-31","TOR","ATL","00:44:38",NA,NA,NA,"ATL","Normal","1 of 1","Made",12,6,2678,44,"1",0,"1",FALSE,"TOR",6,TRUE,5,5,TRUE,FALSE,TRUE,FALSE,FALSE,FALSE,FALSE
"20120131ATLTOR","2012-01-31","TOR","ATL","00:14:25",NA,NA,NA,"TOR","Normal","1 of 2","Missed",55,71,865,14,"1",0,"2",TRUE,"ATL",-16,FALSE,-16,16,FALSE,FALSE,FALSE,FALSE,FALSE,FALSE,FALSE
"20120131ATLTOR","2012-01-31","TOR","ATL","00:14:25",NA,NA,NA,"TOR","Normal","2 of 2","Made",56,71,865,14,"2",1,"2",TRUE,"ATL",-15,TRUE,-16,16,FALSE,FALSE,FALSE,FALSE,FALSE,FALSE,FALSE
"20120131ATLTOR","2012-01-31","TOR","ATL","00:00:47",NA,NA,NA,"ATL","Normal","1 of 2","Missed",99,75,47,0,"1",0,"2",FALSE,"TOR",24,FALSE,24,24,TRUE,TRUE,FALSE,FALSE,FALSE,FALSE,FALSE
"20120131ATLTOR","2012-01-31","TOR","ATL","00:00:47",NA,NA,NA,"ATL","Normal","2 of 2","Made",100,75,47,0,"2",1,"2",FALSE,"TOR",25,TRUE,24,24,TRUE,TRUE,FALSE,FALSE,FALSE,FALSE,FALSE
"20120131NJNIND","2012-01-31","IND","NJN","00:45:45",NA,NA,NA,"NJN","Normal","1 of 1","Made",7,3,2745,45,"1",0,"1",FALSE,"IND",4,TRUE,3,3,TRUE,FALSE,TRUE,FALSE,FALSE,FALSE,FALSE
"20120131NJNIND","2012-01-31","IND","NJN","00:44:47",NA,NA,NA,"NJN","Normal","1 of 2","Missed",9,3,2687,44,"1",0,"2",FALSE,"IND",6,FALSE,6,6,TRUE,FALSE,FALSE,FALSE,FALSE,FALSE,FALSE
"20120131NJNIND","2012-01-31","IND","NJN","00:44:47",NA,NA,NA,"NJN","Normal","2 of 2","Made",10,3,2687,44,"2",1,"2",FALSE,"IND",7,TRUE,6,6,TRUE,FALSE,FALSE,FALSE,FALSE,FALSE,FALSE
"20120131NJNIND","2012-01-31","IND","NJN","00:30:36",NA,NA,NA,"NJN","Normal","1 of 2","Made",37,42,1836,30,"1",0,"2",FALSE,"IND",-5,TRUE,-6,6,FALSE,FALSE,FALSE,FALSE,FALSE,FALSE,FALSE
"20120131NJNIND","2012-01-31","IND","NJN","00:30:36",NA,NA,NA,"NJN","Normal","2 of 2","Made",38,42,1836,30,"2",1,"2",FALSE,"IND",-4,TRUE,-5,5,FALSE,FALSE,TRUE,FALSE,FALSE,FALSE,FALSE
"20120131NJNIND","2012-01-31","IND","NJN","00:29:07",NA,NA,NA,"NJN","Normal","1 of 2","Made",41,42,1747,29,"1",0,"2",FALSE,"IND",-1,TRUE,-2,2,FALSE,FALSE,TRUE,FALSE,FALSE,FALSE,FALSE
"20120131NJNIND","2012-01-31","IND","NJN","00:29:07",NA,NA,NA,"NJN","Normal","2 of 2","Made",42,42,1747,29,"2",1,"2",FALSE,"IND",0,TRUE,-1,1,FALSE,FALSE,TRUE,FALSE,FALSE,TRUE,FALSE
"20120131NJNIND","2012-01-31","IND","NJN","00:24:06",NA,NA,NA,"NJN","Normal","1 of 2","Made",52,55,1446,24,"1",0,"2",FALSE,"IND",-3,TRUE,-4,4,FALSE,FALSE,TRUE,FALSE,FALSE,FALSE,FALSE
"20120131NJNIND","2012-01-31","IND","NJN","00:24:06",NA,NA,NA,"NJN","Normal","2 of 2","Made",53,55,1446,24,"2",1,"2",FALSE,"IND",-2,TRUE,-3,3,FALSE,FALSE,TRUE,FALSE,FALSE,FALSE,FALSE
"20120131NJNIND","2012-01-31","IND","NJN","00:23:49",NA,NA,NA,"NJN","Normal","1 of 1","Missed",55,55,1429,23,"1",0,"1",FALSE,"IND",0,FALSE,0,0,FALSE,FALSE,TRUE,FALSE,FALSE,FALSE,TRUE
"20120131NJNIND","2012-01-31","IND","NJN","00:19:15",NA,NA,NA,"NJN","Normal","1 of 1","Made",66,66,1155,19,"1",0,"1",FALSE,"IND",0,TRUE,-1,1,FALSE,FALSE,TRUE,FALSE,FALSE,TRUE,FALSE
"20120131NJNIND","2012-01-31","IND","NJN","00:05:20",NA,NA,NA,"NJN","Normal","1 of 2","Made",88,98,320,5,"1",0,"2",FALSE,"IND",-10,TRUE,-11,11,FALSE,FALSE,FALSE,FALSE,FALSE,FALSE,FALSE
"20120131NJNIND","2012-01-31","IND","NJN","00:05:20",NA,NA,NA,"NJN","Normal","2 of 2","Made",89,98,320,5,"2",1,"2",FALSE,"IND",-9,TRUE,-10,10,FALSE,FALSE,FALSE,FALSE,FALSE,FALSE,FALSE
"20120201DETNJN","2012-02-01","NJN","DET","00:37:45",NA,NA,NA,"NJN","Normal","1 of 2","Made",18,18,2265,37,"1",0,"2",TRUE,"DET",0,TRUE,-1,1,FALSE,FALSE,TRUE,FALSE,FALSE,TRUE,FALSE
"20120201DETNJN","2012-02-01","NJN","DET","00:37:45",NA,NA,NA,"NJN","Normal","2 of 2","Made",19,18,2265,37,"2",1,"2",TRUE,"DET",1,TRUE,0,0,FALSE,FALSE,TRUE,FALSE,FALSE,FALSE,TRUE
"20120201DETNJN","2012-02-01","NJN","DET","00:25:05",NA,NA,NA,"NJN","Normal","1 of 2","Missed",46,38,1505,25,"1",0,"2",TRUE,"DET",8,FALSE,8,8,TRUE,FALSE,FALSE,FALSE,FALSE,FALSE,FALSE
"20120201DETNJN","2012-02-01","NJN","DET","00:25:05",NA,NA,NA,"NJN","Normal","2 of 2","Missed",46,38,1505,25,"2",1,"2",TRUE,"DET",8,FALSE,8,8,TRUE,FALSE,FALSE,FALSE,FALSE,FALSE,FALSE
"20120201DETNJN","2012-02-01","NJN","DET","00:24:37",NA,NA,NA,"NJN","Normal","1 of 2","Made",47,38,1477,24,"1",0,"2",TRUE,"DET",9,TRUE,8,8,TRUE,FALSE,FALSE,FALSE,FALSE,FALSE,FALSE
"20120201DETNJN","2012-02-01","NJN","DET","00:24:37",NA,NA,NA,"NJN","Normal","2 of 2","Missed",47,38,1477,24,"2",1,"2",TRUE,"DET",9,FALSE,9,9,TRUE,FALSE,FALSE,FALSE,FALSE,FALSE,FALSE
"20120201DETNJN","2012-02-01","NJN","DET","00:16:55",NA,NA,NA,"NJN","Normal","1 of 2","Missed",63,53,1015,16,"1",0,"2",TRUE,"DET",10,FALSE,10,10,TRUE,FALSE,FALSE,FALSE,FALSE,FALSE,FALSE
"20120201DETNJN","2012-02-01","NJN","DET","00:16:55",NA,NA,NA,"NJN","Normal","2 of 2","Made",64,53,1015,16,"2",1,"2",TRUE,"DET",11,TRUE,10,10,TRUE,FALSE,FALSE,FALSE,FALSE,FALSE,FALSE
"20120201DETNJN","2012-02-01","NJN","DET","00:01:52",NA,NA,NA,"NJN","Normal","1 of 2","Made",96,92,112,1,"1",0,"2",TRUE,"DET",4,TRUE,3,3,TRUE,TRUE,TRUE,TRUE,FALSE,FALSE,FALSE
"20120201DETNJN","2012-02-01","NJN","DET","00:01:52",NA,NA,NA,"NJN","Normal","2 of 2","Missed",96,92,112,1,"2",1,"2",TRUE,"DET",4,FALSE,4,4,TRUE,TRUE,TRUE,TRUE,FALSE,FALSE,FALSE
"20120201DETNJN","2012-02-01","NJN","DET","00:01:17",NA,NA,NA,"NJN","Normal","1 of 1","Missed",98,92,77,1,"1",0,"1",TRUE,"DET",6,FALSE,6,6,TRUE,TRUE,FALSE,FALSE,FALSE,FALSE,FALSE
"20120201TORBOS","2012-02-01","BOS","TOR","00:44:31",NA,NA,NA,"TOR","Normal","1 of 1","Missed",8,9,2671,44,"1",0,"1",FALSE,"BOS",-1,FALSE,-1,1,FALSE,FALSE,TRUE,FALSE,FALSE,TRUE,FALSE
"20120203MINNJN","2012-02-03","NJN","MIN","00:44:30",NA,NA,NA,"NJN","Normal","1 of 2","Missed",5,4,2670,44,"1",0,"2",TRUE,"MIN",1,FALSE,1,1,TRUE,FALSE,TRUE,FALSE,FALSE,FALSE,FALSE
"20120203MINNJN","2012-02-03","NJN","MIN","00:44:30",NA,NA,NA,"NJN","Normal","2 of 2","Missed",5,4,2670,44,"2",1,"2",TRUE,"MIN",1,FALSE,1,1,TRUE,FALSE,TRUE,FALSE,FALSE,FALSE,FALSE
"20120203MINNJN","2012-02-03","NJN","MIN","00:32:28",NA,NA,NA,"NJN","Normal","1 of 2","Missed",21,34,1948,32,"1",0,"2",TRUE,"MIN",-13,FALSE,-13,13,FALSE,FALSE,FALSE,FALSE,FALSE,FALSE,FALSE
"20120203MINNJN","2012-02-03","NJN","MIN","00:32:28",NA,NA,NA,"NJN","Normal","2 of 2","Made",22,34,1948,32,"2",1,"2",TRUE,"MIN",-12,TRUE,-13,13,FALSE,FALSE,FALSE,FALSE,FALSE,FALSE,FALSE
"20120203MINNJN","2012-02-03","NJN","MIN","00:17:03",NA,NA,NA,"NJN","Normal","1 of 2","Made",60,70,1023,17,"1",0,"2",TRUE,"MIN",-10,TRUE,-11,11,FALSE,FALSE,FALSE,FALSE,FALSE,FALSE,FALSE
"20120203MINNJN","2012-02-03","NJN","MIN","00:17:03",NA,NA,NA,"NJN","Normal","2 of 2","Made",61,70,1023,17,"2",1,"2",TRUE,"MIN",-9,TRUE,-10,10,FALSE,FALSE,FALSE,FALSE,FALSE,FALSE,FALSE
"20120203WASTOR","2012-02-03","TOR","WAS","00:41:58",NA,NA,NA,"TOR","Normal","1 of 2","Missed",11,9,2518,41,"1",0,"2",TRUE,"WAS",2,FALSE,2,2,TRUE,FALSE,TRUE,FALSE,FALSE,FALSE,FALSE
"20120203WASTOR","2012-02-03","TOR","WAS","00:41:58",NA,NA,NA,"TOR","Normal","2 of 2","Missed",11,9,2518,41,"2",1,"2",TRUE,"WAS",2,FALSE,2,2,TRUE,FALSE,TRUE,FALSE,FALSE,FALSE,FALSE
"20120203WASTOR","2012-02-03","TOR","WAS","00:40:07",NA,NA,NA,"TOR","Normal","1 of 2","Made",12,11,2407,40,"1",0,"2",TRUE,"WAS",1,TRUE,0,0,FALSE,FALSE,TRUE,FALSE,FALSE,FALSE,TRUE
"20120203WASTOR","2012-02-03","TOR","WAS","00:40:07",NA,NA,NA,"TOR","Normal","2 of 2","Made",13,11,2407,40,"2",1,"2",TRUE,"WAS",2,TRUE,1,1,TRUE,FALSE,TRUE,FALSE,FALSE,FALSE,FALSE
"20120203WASTOR","2012-02-03","TOR","WAS","00:32:50",NA,NA,NA,"TOR","Normal","1 of 1","Made",32,26,1970,32,"1",0,"1",TRUE,"WAS",6,TRUE,5,5,TRUE,FALSE,TRUE,FALSE,FALSE,FALSE,FALSE
"20120203WASTOR","2012-02-03","TOR","WAS","00:28:20",NA,NA,NA,"TOR","Normal","1 of 1","Made",44,35,1700,28,"1",0,"1",TRUE,"WAS",9,TRUE,8,8,TRUE,FALSE,FALSE,FALSE,FALSE,FALSE,FALSE
"20120203WASTOR","2012-02-03","TOR","WAS","00:23:14",NA,NA,NA,"TOR","Normal","1 of 2","Made",56,45,1394,23,"1",0,"2",TRUE,"WAS",11,TRUE,10,10,TRUE,FALSE,FALSE,FALSE,FALSE,FALSE,FALSE
"20120203WASTOR","2012-02-03","TOR","WAS","00:23:14",NA,NA,NA,"TOR","Normal","2 of 2","Made",57,45,1394,23,"2",1,"2",TRUE,"WAS",12,TRUE,11,11,TRUE,FALSE,FALSE,FALSE,FALSE,FALSE,FALSE
"20120203WASTOR","2012-02-03","TOR","WAS","00:22:15",NA,NA,NA,"TOR","Normal","1 of 2","Missed",57,49,1335,22,"1",0,"2",TRUE,"WAS",8,FALSE,8,8,TRUE,FALSE,FALSE,FALSE,FALSE,FALSE,FALSE
"20120203WASTOR","2012-02-03","TOR","WAS","00:22:15",NA,NA,NA,"TOR","Normal","2 of 2","Made",58,49,1335,22,"2",1,"2",TRUE,"WAS",9,TRUE,8,8,TRUE,FALSE,FALSE,FALSE,FALSE,FALSE,FALSE
"20120204NJNNYK","2012-02-04","NYK","NJN","00:39:35",NA,NA,NA,"NJN","Normal","1 of 2","Made",21,16,2375,39,"1",0,"2",FALSE,"NYK",5,TRUE,4,4,TRUE,FALSE,TRUE,FALSE,FALSE,FALSE,FALSE
"20120204NJNNYK","2012-02-04","NYK","NJN","00:39:35",NA,NA,NA,"NJN","Normal","2 of 2","Made",22,16,2375,39,"2",1,"2",FALSE,"NYK",6,TRUE,5,5,TRUE,FALSE,TRUE,FALSE,FALSE,FALSE,FALSE
"20120204NJNNYK","2012-02-04","NYK","NJN","00:37:53",NA,NA,NA,"NJN","Normal","1 of 2","Made",27,18,2273,37,"1",0,"2",FALSE,"NYK",9,TRUE,8,8,TRUE,FALSE,FALSE,FALSE,FALSE,FALSE,FALSE
"20120204NJNNYK","2012-02-04","NYK","NJN","00:37:53",NA,NA,NA,"NJN","Normal","2 of 2","Missed",27,18,2273,37,"2",1,"2",FALSE,"NYK",9,FALSE,9,9,TRUE,FALSE,FALSE,FALSE,FALSE,FALSE,FALSE
"20120204NJNNYK","2012-02-04","NYK","NJN","00:34:30",NA,NA,NA,"NJN","Normal","1 of 2","Made",33,26,2070,34,"1",0,"2",FALSE,"NYK",7,TRUE,6,6,TRUE,FALSE,FALSE,FALSE,FALSE,FALSE,FALSE
"20120204NJNNYK","2012-02-04","NYK","NJN","00:34:30",NA,NA,NA,"NJN","Normal","2 of 2","Missed",33,26,2070,34,"2",1,"2",FALSE,"NYK",7,FALSE,7,7,TRUE,FALSE,FALSE,FALSE,FALSE,FALSE,FALSE
"20120204NJNNYK","2012-02-04","NYK","NJN","00:27:56",NA,NA,NA,"NJN","Normal","1 of 1","Made",46,40,1676,27,"1",0,"1",FALSE,"NYK",6,TRUE,5,5,TRUE,FALSE,TRUE,FALSE,FALSE,FALSE,FALSE
"20120204NJNNYK","2012-02-04","NYK","NJN","00:16:14",NA,NA,NA,"NJN","Normal","1 of 2","Made",61,59,974,16,"1",0,"2",FALSE,"NYK",2,TRUE,1,1,TRUE,FALSE,TRUE,FALSE,FALSE,FALSE,FALSE
"20120204NJNNYK","2012-02-04","NYK","NJN","00:16:14",NA,NA,NA,"NJN","Normal","2 of 2","Made",62,59,974,16,"2",1,"2",FALSE,"NYK",3,TRUE,2,2,TRUE,FALSE,TRUE,FALSE,FALSE,FALSE,FALSE
"20120204NJNNYK","2012-02-04","NYK","NJN","00:03:39",NA,NA,NA,"NJN","Normal","1 of 2","Made",85,91,219,3,"1",0,"2",FALSE,"NYK",-6,TRUE,-7,7,FALSE,TRUE,FALSE,FALSE,FALSE,FALSE,FALSE
"20120204NJNNYK","2012-02-04","NYK","NJN","00:03:39",NA,NA,NA,"NJN","Normal","2 of 2","Made",86,91,219,3,"2",1,"2",FALSE,"NYK",-5,TRUE,-6,6,FALSE,TRUE,FALSE,FALSE,FALSE,FALSE,FALSE
"20120206CHINJN","2012-02-06","NJN","CHI","00:35:19",NA,NA,NA,"NJN","Normal","1 of 2","Made",15,37,2119,35,"1",0,"2",TRUE,"CHI",-22,TRUE,-23,23,FALSE,FALSE,FALSE,FALSE,FALSE,FALSE,FALSE
"20120206CHINJN","2012-02-06","NJN","CHI","00:35:19",NA,NA,NA,"NJN","Normal","2 of 2","Made",16,37,2119,35,"2",1,"2",TRUE,"CHI",-21,TRUE,-22,22,FALSE,FALSE,FALSE,FALSE,FALSE,FALSE,FALSE
"20120206CHINJN","2012-02-06","NJN","CHI","00:27:23",NA,NA,NA,"NJN","Normal","1 of 1","Made",31,53,1643,27,"1",0,"1",TRUE,"CHI",-22,TRUE,-23,23,FALSE,FALSE,FALSE,FALSE,FALSE,FALSE,FALSE
"20120206CHINJN","2012-02-06","NJN","CHI","00:26:54",NA,NA,NA,"NJN","Normal","1 of 2","Missed",31,56,1614,26,"1",0,"2",TRUE,"CHI",-25,FALSE,-25,25,FALSE,FALSE,FALSE,FALSE,FALSE,FALSE,FALSE
"20120206CHINJN","2012-02-06","NJN","CHI","00:26:54",NA,NA,NA,"NJN","Normal","2 of 2","Made",32,56,1614,26,"2",1,"2",TRUE,"CHI",-24,TRUE,-25,25,FALSE,FALSE,FALSE,FALSE,FALSE,FALSE,FALSE
"20120206CHINJN","2012-02-06","NJN","CHI","00:25:43",NA,NA,NA,"NJN","Normal","1 of 2","Made",35,58,1543,25,"1",0,"2",TRUE,"CHI",-23,TRUE,-24,24,FALSE,FALSE,FALSE,FALSE,FALSE,FALSE,FALSE
"20120206CHINJN","2012-02-06","NJN","CHI","00:25:43",NA,NA,NA,"NJN","Normal","2 of 2","Missed",35,58,1543,25,"2",1,"2",TRUE,"CHI",-23,FALSE,-23,23,FALSE,FALSE,FALSE,FALSE,FALSE,FALSE,FALSE
"20120206CHINJN","2012-02-06","NJN","CHI","00:21:13",NA,NA,NA,"NJN","Normal","1 of 1","Missed",41,69,1273,21,"1",0,"1",TRUE,"CHI",-28,FALSE,-28,28,FALSE,FALSE,FALSE,FALSE,FALSE,FALSE,FALSE
"20120206CHINJN","2012-02-06","NJN","CHI","00:19:22",NA,NA,NA,"NJN","Normal","1 of 2","Made",42,73,1162,19,"1",0,"2",TRUE,"CHI",-31,TRUE,-32,32,FALSE,FALSE,FALSE,FALSE,FALSE,FALSE,FALSE
"20120206CHINJN","2012-02-06","NJN","CHI","00:19:22",NA,NA,NA,"NJN","Normal","2 of 2","Made",43,73,1162,19,"2",1,"2",TRUE,"CHI",-30,TRUE,-31,31,FALSE,FALSE,FALSE,FALSE,FALSE,FALSE,FALSE
"20120206CHINJN","2012-02-06","NJN","CHI","00:15:57",NA,NA,NA,"NJN","Normal","1 of 2","Made",50,79,957,15,"1",0,"2",TRUE,"CHI",-29,TRUE,-30,30,FALSE,FALSE,FALSE,FALSE,FALSE,FALSE,FALSE
"20120206CHINJN","2012-02-06","NJN","CHI","00:15:57",NA,NA,NA,"NJN","Normal","2 of 2","Missed",50,79,957,15,"2",1,"2",TRUE,"CHI",-29,FALSE,-29,29,FALSE,FALSE,FALSE,FALSE,FALSE,FALSE,FALSE
"20120206CHINJN","2012-02-06","NJN","CHI","00:13:07",NA,NA,NA,"NJN","Normal","1 of 2","Made",58,81,787,13,"1",0,"2",TRUE,"CHI",-23,TRUE,-24,24,FALSE,FALSE,FALSE,FALSE,FALSE,FALSE,FALSE
"20120206CHINJN","2012-02-06","NJN","CHI","00:13:07",NA,NA,NA,"NJN","Normal","2 of 2","Made",59,81,787,13,"2",1,"2",TRUE,"CHI",-22,TRUE,-23,23,FALSE,FALSE,FALSE,FALSE,FALSE,FALSE,FALSE
"20120206CHINJN","2012-02-06","NJN","CHI","00:12:01",NA,NA,NA,"NJN","Normal","1 of 1","Made",64,83,721,12,"1",0,"1",TRUE,"CHI",-19,TRUE,-20,20,FALSE,FALSE,FALSE,FALSE,FALSE,FALSE,FALSE
"20120206CHINJN","2012-02-06","NJN","CHI","00:08:48",NA,NA,NA,"NJN","Normal","1 of 1","Missed",70,90,528,8,"1",0,"1",TRUE,"CHI",-20,FALSE,-20,20,FALSE,FALSE,FALSE,FALSE,FALSE,FALSE,FALSE
"20120206CHINJN","2012-02-06","NJN","CHI","00:06:56",NA,NA,NA,"NJN","Normal","1 of 2","Made",73,92,416,6,"1",0,"2",TRUE,"CHI",-19,TRUE,-20,20,FALSE,FALSE,FALSE,FALSE,FALSE,FALSE,FALSE
"20120206CHINJN","2012-02-06","NJN","CHI","00:06:56",NA,NA,NA,"NJN","Normal","2 of 2","Made",74,92,416,6,"2",1,"2",TRUE,"CHI",-18,TRUE,-19,19,FALSE,FALSE,FALSE,FALSE,FALSE,FALSE,FALSE
"20120206CHINJN","2012-02-06","NJN","CHI","00:04:15",NA,NA,NA,"NJN","Normal","1 of 2","Made",77,99,255,4,"1",0,"2",TRUE,"CHI",-22,TRUE,-23,23,FALSE,TRUE,FALSE,FALSE,FALSE,FALSE,FALSE
"20120206CHINJN","2012-02-06","NJN","CHI","00:04:15",NA,NA,NA,"NJN","Normal","2 of 2","Made",78,99,255,4,"2",1,"2",TRUE,"CHI",-21,TRUE,-22,22,FALSE,TRUE,FALSE,FALSE,FALSE,FALSE,FALSE
"20120208DETNJN","2012-02-08","NJN","DET","00:43:56",NA,NA,NA,"NJN","Normal","1 of 2","Made",6,4,2636,43,"1",0,"2",TRUE,"DET",2,TRUE,1,1,TRUE,FALSE,TRUE,FALSE,FALSE,FALSE,FALSE
"20120208DETNJN","2012-02-08","NJN","DET","00:43:56",NA,NA,NA,"NJN","Normal","2 of 2","Made",7,4,2636,43,"2",1,"2",TRUE,"DET",3,TRUE,2,2,TRUE,FALSE,TRUE,FALSE,FALSE,FALSE,FALSE
"20120208DETNJN","2012-02-08","NJN","DET","00:41:34",NA,NA,NA,"NJN","Normal","1 of 2","Made",10,6,2494,41,"1",0,"2",TRUE,"DET",4,TRUE,3,3,TRUE,FALSE,TRUE,FALSE,FALSE,FALSE,FALSE
"20120208DETNJN","2012-02-08","NJN","DET","00:41:34",NA,NA,NA,"NJN","Normal","2 of 2","Made",11,6,2494,41,"2",1,"2",TRUE,"DET",5,TRUE,4,4,TRUE,FALSE,TRUE,FALSE,FALSE,FALSE,FALSE
"20120208DETNJN","2012-02-08","NJN","DET","00:40:39",NA,NA,NA,"NJN","Normal","1 of 2","Missed",11,10,2439,40,"1",0,"2",TRUE,"DET",1,FALSE,1,1,TRUE,FALSE,TRUE,FALSE,FALSE,FALSE,FALSE
"20120208DETNJN","2012-02-08","NJN","DET","00:40:39",NA,NA,NA,"NJN","Normal","2 of 2","Made",12,10,2439,40,"2",1,"2",TRUE,"DET",2,TRUE,1,1,TRUE,FALSE,TRUE,FALSE,FALSE,FALSE,FALSE
"20120208DETNJN","2012-02-08","NJN","DET","00:30:30",NA,NA,NA,"NJN","Normal","1 of 2","Made",27,33,1830,30,"1",0,"2",TRUE,"DET",-6,TRUE,-7,7,FALSE,FALSE,FALSE,FALSE,FALSE,FALSE,FALSE
"20120208DETNJN","2012-02-08","NJN","DET","00:30:30",NA,NA,NA,"NJN","Normal","2 of 2","Made",28,33,1830,30,"2",1,"2",TRUE,"DET",-5,TRUE,-6,6,FALSE,FALSE,FALSE,FALSE,FALSE,FALSE,FALSE
"20120208DETNJN","2012-02-08","NJN","DET","00:27:34",NA,NA,NA,"NJN","Normal","1 of 2","Missed",30,42,1654,27,"1",0,"2",TRUE,"DET",-12,FALSE,-12,12,FALSE,FALSE,FALSE,FALSE,FALSE,FALSE,FALSE
"20120208DETNJN","2012-02-08","NJN","DET","00:27:34",NA,NA,NA,"NJN","Normal","2 of 2","Made",31,42,1654,27,"2",1,"2",TRUE,"DET",-11,TRUE,-12,12,FALSE,FALSE,FALSE,FALSE,FALSE,FALSE,FALSE
"20120208DETNJN","2012-02-08","NJN","DET","00:14:49",NA,NA,NA,"NJN","Normal","1 of 2","Made",60,70,889,14,"1",0,"2",TRUE,"DET",-10,TRUE,-11,11,FALSE,FALSE,FALSE,FALSE,FALSE,FALSE,FALSE
"20120208DETNJN","2012-02-08","NJN","DET","00:14:49",NA,NA,NA,"NJN","Normal","2 of 2","Made",61,70,889,14,"2",1,"2",TRUE,"DET",-9,TRUE,-10,10,FALSE,FALSE,FALSE,FALSE,FALSE,FALSE,FALSE
"20120208DETNJN","2012-02-08","NJN","DET","00:08:28",NA,NA,NA,"NJN","Normal","1 of 1","Made",77,78,508,8,"1",0,"1",TRUE,"DET",-1,TRUE,-2,2,FALSE,FALSE,TRUE,FALSE,FALSE,FALSE,FALSE
"20120208MILTOR","2012-02-08","TOR","MIL","00:39:35",NA,NA,NA,"TOR","Normal","1 of 1","Made",22,18,2375,39,"1",0,"1",TRUE,"MIL",4,TRUE,3,3,TRUE,FALSE,TRUE,FALSE,FALSE,FALSE,FALSE
"20120210NJNDET","2012-02-10","DET","NJN","00:45:58",NA,NA,NA,"NJN","Normal","1 of 1","Made",7,0,2758,45,"1",0,"1",FALSE,"DET",7,TRUE,6,6,TRUE,FALSE,FALSE,FALSE,FALSE,FALSE,FALSE
"20120210NJNDET","2012-02-10","DET","NJN","00:40:46",NA,NA,NA,"NJN","Normal","1 of 2","Made",10,14,2446,40,"1",0,"2",FALSE,"DET",-4,TRUE,-5,5,FALSE,FALSE,TRUE,FALSE,FALSE,FALSE,FALSE
"20120210NJNDET","2012-02-10","DET","NJN","00:40:46",NA,NA,NA,"NJN","Normal","2 of 2","Made",11,14,2446,40,"2",1,"2",FALSE,"DET",-3,TRUE,-4,4,FALSE,FALSE,TRUE,FALSE,FALSE,FALSE,FALSE
"20120210NJNDET","2012-02-10","DET","NJN","00:29:40",NA,NA,NA,"NJN","Normal","1 of 2","Made",26,36,1780,29,"1",0,"2",FALSE,"DET",-10,TRUE,-11,11,FALSE,FALSE,FALSE,FALSE,FALSE,FALSE,FALSE
"20120210NJNDET","2012-02-10","DET","NJN","00:29:40",NA,NA,NA,"NJN","Normal","2 of 2","Made",27,36,1780,29,"2",1,"2",FALSE,"DET",-9,TRUE,-10,10,FALSE,FALSE,FALSE,FALSE,FALSE,FALSE,FALSE
"20120210NJNDET","2012-02-10","DET","NJN","00:23:18",NA,NA,NA,"NJN","Normal","1 of 2","Made",34,54,1398,23,"1",0,"2",FALSE,"DET",-20,TRUE,-21,21,FALSE,FALSE,FALSE,FALSE,FALSE,FALSE,FALSE
"20120210NJNDET","2012-02-10","DET","NJN","00:23:18",NA,NA,NA,"NJN","Normal","2 of 2","Missed",34,54,1398,23,"2",1,"2",FALSE,"DET",-20,FALSE,-20,20,FALSE,FALSE,FALSE,FALSE,FALSE,FALSE,FALSE
"20120210NJNDET","2012-02-10","DET","NJN","00:19:50",NA,NA,NA,"NJN","Normal","1 of 2","Made",41,64,1190,19,"1",0,"2",FALSE,"DET",-23,TRUE,-24,24,FALSE,FALSE,FALSE,FALSE,FALSE,FALSE,FALSE
"20120210NJNDET","2012-02-10","DET","NJN","00:19:50",NA,NA,NA,"NJN","Normal","2 of 2","Made",42,64,1190,19,"2",1,"2",FALSE,"DET",-22,TRUE,-23,23,FALSE,FALSE,FALSE,FALSE,FALSE,FALSE,FALSE
"20120210NJNDET","2012-02-10","DET","NJN","00:12:29",NA,NA,NA,"NJN","Normal","1 of 2","Made",62,85,749,12,"1",0,"2",FALSE,"DET",-23,TRUE,-24,24,FALSE,FALSE,FALSE,FALSE,FALSE,FALSE,FALSE
"20120210NJNDET","2012-02-10","DET","NJN","00:12:29",NA,NA,NA,"NJN","Normal","2 of 2","Missed",62,85,749,12,"2",1,"2",FALSE,"DET",-23,FALSE,-23,23,FALSE,FALSE,FALSE,FALSE,FALSE,FALSE,FALSE
"20120210NJNDET","2012-02-10","DET","NJN","00:02:02",NA,NA,NA,"NJN","Normal","1 of 2","Made",85,105,122,2,"1",0,"2",FALSE,"DET",-20,TRUE,-21,21,FALSE,TRUE,FALSE,FALSE,FALSE,FALSE,FALSE
"20120210NJNDET","2012-02-10","DET","NJN","00:02:02",NA,NA,NA,"NJN","Normal","2 of 2","Made",86,105,122,2,"2",1,"2",FALSE,"DET",-19,TRUE,-20,20,FALSE,TRUE,FALSE,FALSE,FALSE,FALSE,FALSE
"20120211SASNJN","2012-02-11","NJN","SAS","00:27:28",NA,NA,NA,"NJN","Normal","1 of 2","Made",33,42,1648,27,"1",0,"2",TRUE,"SAS",-9,TRUE,-10,10,FALSE,FALSE,FALSE,FALSE,FALSE,FALSE,FALSE
"20120211SASNJN","2012-02-11","NJN","SAS","00:27:28",NA,NA,NA,"NJN","Normal","2 of 2","Made",34,42,1648,27,"2",1,"2",TRUE,"SAS",-8,TRUE,-9,9,FALSE,FALSE,FALSE,FALSE,FALSE,FALSE,FALSE
"20120211SASNJN","2012-02-11","NJN","SAS","00:15:59",NA,NA,NA,"NJN","Normal","1 of 2","Made",57,67,959,15,"1",0,"2",TRUE,"SAS",-10,TRUE,-11,11,FALSE,FALSE,FALSE,FALSE,FALSE,FALSE,FALSE
"20120211SASNJN","2012-02-11","NJN","SAS","00:15:59",NA,NA,NA,"NJN","Normal","2 of 2","Made",58,67,959,15,"2",1,"2",TRUE,"SAS",-9,TRUE,-10,10,FALSE,FALSE,FALSE,FALSE,FALSE,FALSE,FALSE
"20120211SASNJN","2012-02-11","NJN","SAS","00:14:22",NA,NA,NA,"NJN","Normal","1 of 2","Made",59,71,862,14,"1",0,"2",TRUE,"SAS",-12,TRUE,-13,13,FALSE,FALSE,FALSE,FALSE,FALSE,FALSE,FALSE
"20120211SASNJN","2012-02-11","NJN","SAS","00:14:22",NA,NA,NA,"NJN","Normal","2 of 2","Missed",59,71,862,14,"2",1,"2",TRUE,"SAS",-12,FALSE,-12,12,FALSE,FALSE,FALSE,FALSE,FALSE,FALSE,FALSE
"20120211SASNJN","2012-02-11","NJN","SAS","00:10:31",NA,NA,NA,"NJN","Normal","1 of 2","Made",62,81,631,10,"1",0,"2",TRUE,"SAS",-19,TRUE,-20,20,FALSE,FALSE,FALSE,FALSE,FALSE,FALSE,FALSE
"20120211SASNJN","2012-02-11","NJN","SAS","00:10:31",NA,NA,NA,"NJN","Normal","2 of 2","Made",63,81,631,10,"2",1,"2",TRUE,"SAS",-18,TRUE,-19,19,FALSE,FALSE,FALSE,FALSE,FALSE,FALSE,FALSE
"20120211SASNJN","2012-02-11","NJN","SAS","00:03:23",NA,NA,NA,"NJN","Normal","1 of 2","Made",82,96,203,3,"1",0,"2",TRUE,"SAS",-14,TRUE,-15,15,FALSE,TRUE,FALSE,FALSE,FALSE,FALSE,FALSE
"20120211SASNJN","2012-02-11","NJN","SAS","00:03:23",NA,NA,NA,"NJN","Normal","2 of 2","Made",83,96,203,3,"2",1,"2",TRUE,"SAS",-13,TRUE,-14,14,FALSE,TRUE,FALSE,FALSE,FALSE,FALSE,FALSE
"20120219MILNJN","2012-02-19","NJN","MIL","00:42:46",NA,NA,NA,"NJN","Normal","1 of 2","Missed",8,14,2566,42,"1",0,"2",TRUE,"MIL",-6,FALSE,-6,6,FALSE,FALSE,FALSE,FALSE,FALSE,FALSE,FALSE
"20120219MILNJN","2012-02-19","NJN","MIL","00:42:46",NA,NA,NA,"NJN","Normal","2 of 2","Made",9,14,2566,42,"2",1,"2",TRUE,"MIL",-5,TRUE,-6,6,FALSE,FALSE,FALSE,FALSE,FALSE,FALSE,FALSE
"20120219MILNJN","2012-02-19","NJN","MIL","00:40:27",NA,NA,NA,"NJN","Normal","1 of 2","Made",11,18,2427,40,"1",0,"2",TRUE,"MIL",-7,TRUE,-8,8,FALSE,FALSE,FALSE,FALSE,FALSE,FALSE,FALSE
"20120219MILNJN","2012-02-19","NJN","MIL","00:40:27",NA,NA,NA,"NJN","Normal","2 of 2","Made",12,18,2427,40,"2",1,"2",TRUE,"MIL",-6,TRUE,-7,7,FALSE,FALSE,FALSE,FALSE,FALSE,FALSE,FALSE
"20120219MILNJN","2012-02-19","NJN","MIL","00:06:50",NA,NA,NA,"NJN","Normal","1 of 1","Missed",64,76,410,6,"1",0,"1",TRUE,"MIL",-12,FALSE,-12,12,FALSE,FALSE,FALSE,FALSE,FALSE,FALSE,FALSE
"20120219MILNJN","2012-02-19","NJN","MIL","00:01:07",NA,NA,NA,"NJN","Normal","1 of 2","Made",79,85,67,1,"1",0,"2",TRUE,"MIL",-6,TRUE,-7,7,FALSE,TRUE,FALSE,FALSE,FALSE,FALSE,FALSE
"20120219MILNJN","2012-02-19","NJN","MIL","00:01:07",NA,NA,NA,"NJN","Normal","2 of 2","Made",80,85,67,1,"2",1,"2",TRUE,"MIL",-5,TRUE,-6,6,FALSE,TRUE,FALSE,FALSE,FALSE,FALSE,FALSE
"20120220NJNNYK","2012-02-20","NYK","NJN","00:41:44",NA,NA,NA,"NJN","Normal","1 of 2","Made",4,13,2504,41,"1",0,"2",FALSE,"NYK",-9,TRUE,-10,10,FALSE,FALSE,FALSE,FALSE,FALSE,FALSE,FALSE
"20120220NJNNYK","2012-02-20","NYK","NJN","00:41:44",NA,NA,NA,"NJN","Normal","2 of 2","Made",5,13,2504,41,"2",1,"2",FALSE,"NYK",-8,TRUE,-9,9,FALSE,FALSE,FALSE,FALSE,FALSE,FALSE,FALSE
"20120220NJNNYK","2012-02-20","NYK","NJN","00:40:57",NA,NA,NA,"NJN","Normal","1 of 2","Made",9,13,2457,40,"1",0,"2",FALSE,"NYK",-4,TRUE,-5,5,FALSE,FALSE,TRUE,FALSE,FALSE,FALSE,FALSE
"20120220NJNNYK","2012-02-20","NYK","NJN","00:40:57",NA,NA,NA,"NJN","Normal","2 of 2","Made",10,13,2457,40,"2",1,"2",FALSE,"NYK",-3,TRUE,-4,4,FALSE,FALSE,TRUE,FALSE,FALSE,FALSE,FALSE
"20120220NJNNYK","2012-02-20","NYK","NJN","00:29:09",NA,NA,NA,"NJN","Normal","1 of 2","Made",38,33,1749,29,"1",0,"2",FALSE,"NYK",5,TRUE,4,4,TRUE,FALSE,TRUE,FALSE,FALSE,FALSE,FALSE
"20120220NJNNYK","2012-02-20","NYK","NJN","00:29:09",NA,NA,NA,"NJN","Normal","2 of 2","Made",39,33,1749,29,"2",1,"2",FALSE,"NYK",6,TRUE,5,5,TRUE,FALSE,TRUE,FALSE,FALSE,FALSE,FALSE
"20120220NJNNYK","2012-02-20","NYK","NJN","00:23:47",NA,NA,NA,"NJN","Normal","1 of 2","Missed",50,42,1427,23,"1",0,"2",FALSE,"NYK",8,FALSE,8,8,TRUE,FALSE,FALSE,FALSE,FALSE,FALSE,FALSE
"20120220NJNNYK","2012-02-20","NYK","NJN","00:23:47",NA,NA,NA,"NJN","Normal","2 of 2","Missed",50,42,1427,23,"2",1,"2",FALSE,"NYK",8,FALSE,8,8,TRUE,FALSE,FALSE,FALSE,FALSE,FALSE,FALSE
"20120220NJNNYK","2012-02-20","NYK","NJN","00:21:44",NA,NA,NA,"NJN","Normal","1 of 3","Missed",55,46,1304,21,"1",0,"3",FALSE,"NYK",9,FALSE,9,9,TRUE,FALSE,FALSE,FALSE,FALSE,FALSE,FALSE
"20120220NJNNYK","2012-02-20","NYK","NJN","00:21:44",NA,NA,NA,"NJN","Normal","2 of 3","Missed",55,46,1304,21,"2",1,"3",FALSE,"NYK",9,FALSE,9,9,TRUE,FALSE,FALSE,FALSE,FALSE,FALSE,FALSE
"20120220NJNNYK","2012-02-20","NYK","NJN","00:21:44",NA,NA,NA,"NJN","Normal","3 of 3","Made",56,46,1304,21,"3",2,"3",FALSE,"NYK",10,TRUE,9,9,TRUE,FALSE,FALSE,FALSE,FALSE,FALSE,FALSE
"20120220NJNNYK","2012-02-20","NYK","NJN","00:15:28",NA,NA,NA,"NJN","Normal","1 of 1","Made",69,58,928,15,"1",0,"1",FALSE,"NYK",11,TRUE,10,10,TRUE,FALSE,FALSE,FALSE,FALSE,FALSE,FALSE
"20120220NJNNYK","2012-02-20","NYK","NJN","00:14:05",NA,NA,NA,"NJN","Normal","1 of 2","Made",76,59,845,14,"1",0,"2",FALSE,"NYK",17,TRUE,16,16,TRUE,FALSE,FALSE,FALSE,FALSE,FALSE,FALSE
"20120220NJNNYK","2012-02-20","NYK","NJN","00:14:05",NA,NA,NA,"NJN","Normal","2 of 2","Made",77,59,845,14,"2",1,"2",FALSE,"NYK",18,TRUE,17,17,TRUE,FALSE,FALSE,FALSE,FALSE,FALSE,FALSE
"20120221SASPOR","2012-02-21","POR","SAS","00:01:35",NA,NA,NA,"POR","Normal","1 of 2","Missed",134,96,95,1,"1",0,"2",TRUE,"SAS",38,FALSE,38,38,TRUE,TRUE,FALSE,FALSE,FALSE,FALSE,FALSE
"20120221SASPOR","2012-02-21","POR","SAS","00:01:35",NA,NA,NA,"POR","Normal","2 of 2","Made",135,96,95,1,"2",1,"2",TRUE,"SAS",39,TRUE,38,38,TRUE,TRUE,FALSE,FALSE,FALSE,FALSE,FALSE
"20120222ORLNJN","2012-02-22","NJN","ORL","00:24:32",NA,NA,NA,"NJN","Normal","1 of 2","Made",38,58,1472,24,"1",0,"2",TRUE,"ORL",-20,TRUE,-21,21,FALSE,FALSE,FALSE,FALSE,FALSE,FALSE,FALSE
"20120222ORLNJN","2012-02-22","NJN","ORL","00:24:32",NA,NA,NA,"NJN","Normal","2 of 2","Made",39,58,1472,24,"2",1,"2",TRUE,"ORL",-19,TRUE,-20,20,FALSE,FALSE,FALSE,FALSE,FALSE,FALSE,FALSE
"20120222ORLNJN","2012-02-22","NJN","ORL","00:21:30",NA,NA,NA,"NJN","Normal","1 of 1","Made",50,64,1290,21,"1",0,"1",TRUE,"ORL",-14,TRUE,-15,15,FALSE,FALSE,FALSE,FALSE,FALSE,FALSE,FALSE
"20120229TORNOH","2012-02-29","NOH","TOR","00:33:21",NA,NA,NA,"TOR","Normal","1 of 2","Made",35,26,2001,33,"1",0,"2",FALSE,"NOH",9,TRUE,8,8,TRUE,FALSE,FALSE,FALSE,FALSE,FALSE,FALSE
"20120229TORNOH","2012-02-29","NOH","TOR","00:33:21",NA,NA,NA,"TOR","Normal","2 of 2","Made",36,26,2001,33,"2",1,"2",FALSE,"NOH",10,TRUE,9,9,TRUE,FALSE,FALSE,FALSE,FALSE,FALSE,FALSE
"20120229TORNOH","2012-02-29","NOH","TOR","00:25:34",NA,NA,NA,"TOR","Normal","1 of 2","Made",46,40,1534,25,"1",0,"2",FALSE,"NOH",6,TRUE,5,5,TRUE,FALSE,TRUE,FALSE,FALSE,FALSE,FALSE
"20120229TORNOH","2012-02-29","NOH","TOR","00:25:34",NA,NA,NA,"TOR","Normal","2 of 2","Made",47,40,1534,25,"2",1,"2",FALSE,"NOH",7,TRUE,6,6,TRUE,FALSE,FALSE,FALSE,FALSE,FALSE,FALSE
"20120229TORNOH","2012-02-29","NOH","TOR","00:02:14",NA,NA,NA,"TOR","Normal","1 of 2","Made",90,81,134,2,"1",0,"2",FALSE,"NOH",9,TRUE,8,8,TRUE,TRUE,FALSE,FALSE,FALSE,FALSE,FALSE
"20120229TORNOH","2012-02-29","NOH","TOR","00:02:14",NA,NA,NA,"TOR","Normal","2 of 2","Missed",90,81,134,2,"2",1,"2",FALSE,"NOH",9,FALSE,9,9,TRUE,TRUE,FALSE,FALSE,FALSE,FALSE,FALSE
"20120302NJNBOS","2012-03-02","BOS","NJN","00:42:56",NA,NA,NA,"NJN","Normal","1 of 2","Missed",6,17,2576,42,"1",0,"2",FALSE,"BOS",-11,FALSE,-11,11,FALSE,FALSE,FALSE,FALSE,FALSE,FALSE,FALSE
"20120302NJNBOS","2012-03-02","BOS","NJN","00:42:56",NA,NA,NA,"NJN","Normal","2 of 2","Made",7,17,2576,42,"2",1,"2",FALSE,"BOS",-10,TRUE,-11,11,FALSE,FALSE,FALSE,FALSE,FALSE,FALSE,FALSE
"20120302NJNBOS","2012-03-02","BOS","NJN","00:40:18",NA,NA,NA,"NJN","Normal","1 of 1","Made",14,20,2418,40,"1",0,"1",FALSE,"BOS",-6,TRUE,-7,7,FALSE,FALSE,FALSE,FALSE,FALSE,FALSE,FALSE
"20120302NJNBOS","2012-03-02","BOS","NJN","00:39:49",NA,NA,NA,"NJN","Normal","1 of 2","Made",15,22,2389,39,"1",0,"2",FALSE,"BOS",-7,TRUE,-8,8,FALSE,FALSE,FALSE,FALSE,FALSE,FALSE,FALSE
"20120302NJNBOS","2012-03-02","BOS","NJN","00:39:49",NA,NA,NA,"NJN","Normal","2 of 2","Made",16,22,2389,39,"2",1,"2",FALSE,"BOS",-6,TRUE,-7,7,FALSE,FALSE,FALSE,FALSE,FALSE,FALSE,FALSE
"20120304NJNCHA","2012-03-04","CHA","NJN","00:45:00",NA,NA,NA,"NJN","Normal","1 of 3","Made",3,8,2700,45,"1",0,"3",FALSE,"CHA",-5,TRUE,-6,6,FALSE,FALSE,FALSE,FALSE,FALSE,FALSE,FALSE
"20120304NJNCHA","2012-03-04","CHA","NJN","00:45:00",NA,NA,NA,"NJN","Normal","2 of 3","Made",4,8,2700,45,"2",1,"3",FALSE,"CHA",-4,TRUE,-5,5,FALSE,FALSE,TRUE,FALSE,FALSE,FALSE,FALSE
"20120304NJNCHA","2012-03-04","CHA","NJN","00:45:00",NA,NA,NA,"NJN","Normal","3 of 3","Made",5,8,2700,45,"3",2,"3",FALSE,"CHA",-3,TRUE,-4,4,FALSE,FALSE,TRUE,FALSE,FALSE,FALSE,FALSE
"20120304NJNCHA","2012-03-04","CHA","NJN","00:25:34",NA,NA,NA,"NJN","Normal","1 of 2","Made",40,53,1534,25,"1",0,"2",FALSE,"CHA",-13,TRUE,-14,14,FALSE,FALSE,FALSE,FALSE,FALSE,FALSE,FALSE
"20120304NJNCHA","2012-03-04","CHA","NJN","00:25:34",NA,NA,NA,"NJN","Normal","2 of 2","Made",41,53,1534,25,"2",1,"2",FALSE,"CHA",-12,TRUE,-13,13,FALSE,FALSE,FALSE,FALSE,FALSE,FALSE,FALSE
"20120304NJNCHA","2012-03-04","CHA","NJN","00:18:54",NA,NA,NA,"NJN","Normal","1 of 2","Made",57,61,1134,18,"1",0,"2",FALSE,"CHA",-4,TRUE,-5,5,FALSE,FALSE,TRUE,FALSE,FALSE,FALSE,FALSE
"20120304NJNCHA","2012-03-04","CHA","NJN","00:18:54",NA,NA,NA,"NJN","Normal","2 of 2","Made",58,61,1134,18,"2",1,"2",FALSE,"CHA",-3,TRUE,-4,4,FALSE,FALSE,TRUE,FALSE,FALSE,FALSE,FALSE
"20120304NJNCHA","2012-03-04","CHA","NJN","00:17:40",NA,NA,NA,"NJN","Technical","1 of 1","Made",61,64,1060,17,"1",0,"1",FALSE,"CHA",-3,TRUE,-4,4,FALSE,FALSE,TRUE,FALSE,FALSE,FALSE,FALSE
"20120304NJNCHA","2012-03-04","CHA","NJN","00:17:28",NA,NA,NA,"NJN","Normal","1 of 1","Made",65,64,1048,17,"1",0,"1",FALSE,"CHA",1,TRUE,0,0,FALSE,FALSE,TRUE,FALSE,FALSE,FALSE,TRUE
"20120304NJNCHA","2012-03-04","CHA","NJN","00:16:47",NA,NA,NA,"NJN","Normal","1 of 2","Made",66,64,1007,16,"1",0,"2",FALSE,"CHA",2,TRUE,1,1,TRUE,FALSE,TRUE,FALSE,FALSE,FALSE,FALSE
"20120304NJNCHA","2012-03-04","CHA","NJN","00:16:47",NA,NA,NA,"NJN","Normal","2 of 2","Made",67,64,1007,16,"2",1,"2",FALSE,"CHA",3,TRUE,2,2,TRUE,FALSE,TRUE,FALSE,FALSE,FALSE,FALSE
"20120304NJNCHA","2012-03-04","CHA","NJN","00:16:06",NA,NA,NA,"NJN","Technical","1 of 1","Made",68,66,966,16,"1",0,"1",FALSE,"CHA",2,TRUE,1,1,TRUE,FALSE,TRUE,FALSE,FALSE,FALSE,FALSE
"20120304NJNCHA","2012-03-04","CHA","NJN","00:16:06",NA,NA,NA,"NJN","Normal","1 of 2","Made",69,66,966,16,"1",0,"2",FALSE,"CHA",3,TRUE,2,2,TRUE,FALSE,TRUE,FALSE,FALSE,FALSE,FALSE
"20120304NJNCHA","2012-03-04","CHA","NJN","00:16:06",NA,NA,NA,"NJN","Normal","2 of 2","Made",70,66,966,16,"2",1,"2",FALSE,"CHA",4,TRUE,3,3,TRUE,FALSE,TRUE,FALSE,FALSE,FALSE,FALSE
"20120304NJNCHA","2012-03-04","CHA","NJN","00:14:47",NA,NA,NA,"NJN","Technical","1 of 1","Made",71,66,887,14,"1",0,"1",FALSE,"CHA",5,TRUE,4,4,TRUE,FALSE,TRUE,FALSE,FALSE,FALSE,FALSE
"20120304NJNCHA","2012-03-04","CHA","NJN","00:10:19",NA,NA,NA,"NJN","Normal","1 of 1","Made",78,74,619,10,"1",0,"1",FALSE,"CHA",4,TRUE,3,3,TRUE,FALSE,TRUE,FALSE,FALSE,FALSE,FALSE
"20120304NJNCHA","2012-03-04","CHA","NJN","00:08:00",NA,NA,NA,"NJN","Technical","1 of 1","Made",81,79,480,8,"1",0,"1",FALSE,"CHA",2,TRUE,1,1,TRUE,FALSE,TRUE,FALSE,FALSE,FALSE,FALSE
"20120304NJNCHA","2012-03-04","CHA","NJN","00:07:21",NA,NA,NA,"NJN","Normal","1 of 1","Made",86,79,441,7,"1",0,"1",FALSE,"CHA",7,TRUE,6,6,TRUE,FALSE,FALSE,FALSE,FALSE,FALSE,FALSE
"20120304NJNCHA","2012-03-04","CHA","NJN","00:02:34",NA,NA,NA,"NJN","Normal","1 of 2","Made",95,89,154,2,"1",0,"2",FALSE,"CHA",6,TRUE,5,5,TRUE,TRUE,TRUE,TRUE,FALSE,FALSE,FALSE
"20120304NJNCHA","2012-03-04","CHA","NJN","00:02:34",NA,NA,NA,"NJN","Normal","2 of 2","Made",96,89,154,2,"2",1,"2",FALSE,"CHA",7,TRUE,6,6,TRUE,TRUE,FALSE,FALSE,FALSE,FALSE,FALSE
"20120304NJNCHA","2012-03-04","CHA","NJN","00:00:37",NA,NA,NA,"NJN","Normal","1 of 1","Made",101,94,37,0,"1",0,"1",FALSE,"CHA",7,TRUE,6,6,TRUE,TRUE,FALSE,FALSE,FALSE,FALSE,FALSE
"20120304NJNCHA","2012-03-04","CHA","NJN","00:00:20",NA,NA,NA,"NJN","Normal","1 of 2","Made",102,96,20,0,"1",0,"2",FALSE,"CHA",6,TRUE,5,5,TRUE,TRUE,TRUE,TRUE,FALSE,FALSE,FALSE
"20120304NJNCHA","2012-03-04","CHA","NJN","00:00:20",NA,NA,NA,"NJN","Normal","2 of 2","Made",103,96,20,0,"2",1,"2",FALSE,"CHA",7,TRUE,6,6,TRUE,TRUE,FALSE,FALSE,FALSE,FALSE,FALSE
"20120306ORLCHA","2012-03-06","CHA","ORL","00:46:28",NA,NA,NA,"ORL","Normal","1 of 1","Made",3,0,2788,46,"1",0,"1",FALSE,"CHA",3,TRUE,2,2,TRUE,FALSE,TRUE,FALSE,FALSE,FALSE,FALSE
"20120306ORLCHA","2012-03-06","CHA","ORL","00:38:07",NA,NA,NA,"ORL","Normal","1 of 2","Made",23,13,2287,38,"1",0,"2",FALSE,"CHA",10,TRUE,9,9,TRUE,FALSE,FALSE,FALSE,FALSE,FALSE,FALSE
"20120306ORLCHA","2012-03-06","CHA","ORL","00:38:07",NA,NA,NA,"ORL","Normal","2 of 2","Missed",23,13,2287,38,"2",1,"2",FALSE,"CHA",10,FALSE,10,10,TRUE,FALSE,FALSE,FALSE,FALSE,FALSE,FALSE
"20120307HOUTOR","2012-03-07","TOR","HOU","00:26:24",NA,NA,NA,"TOR","Normal","1 of 2","Missed",49,40,1584,26,"1",0,"2",TRUE,"HOU",9,FALSE,9,9,TRUE,FALSE,FALSE,FALSE,FALSE,FALSE,FALSE
"20120307HOUTOR","2012-03-07","TOR","HOU","00:26:24",NA,NA,NA,"TOR","Normal","2 of 2","Made",50,40,1584,26,"2",1,"2",TRUE,"HOU",10,TRUE,9,9,TRUE,FALSE,FALSE,FALSE,FALSE,FALSE,FALSE
"20120307HOUTOR","2012-03-07","TOR","HOU","00:22:19",NA,NA,NA,"TOR","Normal","1 of 2","Made",63,48,1339,22,"1",0,"2",TRUE,"HOU",15,TRUE,14,14,TRUE,FALSE,FALSE,FALSE,FALSE,FALSE,FALSE
"20120307HOUTOR","2012-03-07","TOR","HOU","00:22:19",NA,NA,NA,"TOR","Normal","2 of 2","Made",64,48,1339,22,"2",1,"2",TRUE,"HOU",16,TRUE,15,15,TRUE,FALSE,FALSE,FALSE,FALSE,FALSE,FALSE
"20120307HOUTOR","2012-03-07","TOR","HOU","00:18:24",NA,NA,NA,"TOR","Normal","1 of 2","Missed",71,59,1104,18,"1",0,"2",TRUE,"HOU",12,FALSE,12,12,TRUE,FALSE,FALSE,FALSE,FALSE,FALSE,FALSE
"20120307HOUTOR","2012-03-07","TOR","HOU","00:18:24",NA,NA,NA,"TOR","Normal","2 of 2","Made",72,59,1104,18,"2",1,"2",TRUE,"HOU",13,TRUE,12,12,TRUE,FALSE,FALSE,FALSE,FALSE,FALSE,FALSE
"20120309ATLDET","2012-03-09","DET","ATL","00:15:49",NA,NA,NA,"ATL","Normal","1 of 2","Made",57,57,949,15,"1",0,"2",FALSE,"DET",0,TRUE,-1,1,FALSE,FALSE,TRUE,FALSE,FALSE,TRUE,FALSE
"20120309ATLDET","2012-03-09","DET","ATL","00:15:49",NA,NA,NA,"ATL","Normal","2 of 2","Made",58,57,949,15,"2",1,"2",FALSE,"DET",1,TRUE,0,0,FALSE,FALSE,TRUE,FALSE,FALSE,FALSE,TRUE
"20120309ATLDET","2012-03-09","DET","ATL","00:14:35",NA,NA,NA,"ATL","Normal","1 of 2","Made",59,61,875,14,"1",0,"2",FALSE,"DET",-2,TRUE,-3,3,FALSE,FALSE,TRUE,FALSE,FALSE,FALSE,FALSE
"20120309ATLDET","2012-03-09","DET","ATL","00:14:35",NA,NA,NA,"ATL","Normal","2 of 2","Made",60,61,875,14,"2",1,"2",FALSE,"DET",-1,TRUE,-2,2,FALSE,FALSE,TRUE,FALSE,FALSE,FALSE,FALSE
"20120309ATLDET","2012-03-09","DET","ATL","00:04:30",NA,NA,NA,"ATL","Normal","1 of 1","Made",77,82,270,4,"1",0,"1",FALSE,"DET",-5,TRUE,-6,6,FALSE,TRUE,FALSE,FALSE,FALSE,FALSE,FALSE
"20120309ATLDET","2012-03-09","DET","ATL","00:03:01",NA,NA,NA,"ATL","Normal","1 of 2","Missed",80,84,181,3,"1",0,"2",FALSE,"DET",-4,FALSE,-4,4,FALSE,TRUE,TRUE,TRUE,FALSE,FALSE,FALSE
"20120309ATLDET","2012-03-09","DET","ATL","00:03:01",NA,NA,NA,"ATL","Normal","2 of 2","Missed",80,84,181,3,"2",1,"2",FALSE,"DET",-4,FALSE,-4,4,FALSE,TRUE,TRUE,TRUE,FALSE,FALSE,FALSE
"20120309NJNCHA","2012-03-09","CHA","NJN","00:41:43",NA,NA,NA,"NJN","Technical","1 of 1","Missed",13,4,2503,41,"1",0,"1",FALSE,"CHA",9,FALSE,9,9,TRUE,FALSE,FALSE,FALSE,FALSE,FALSE,FALSE
"20120309NJNCHA","2012-03-09","CHA","NJN","00:21:44",NA,NA,NA,"NJN","Normal","1 of 2","Made",43,41,1304,21,"1",0,"2",FALSE,"CHA",2,TRUE,1,1,TRUE,FALSE,TRUE,FALSE,FALSE,FALSE,FALSE
"20120309NJNCHA","2012-03-09","CHA","NJN","00:21:44",NA,NA,NA,"NJN","Normal","2 of 2","Made",44,41,1304,21,"2",1,"2",FALSE,"CHA",3,TRUE,2,2,TRUE,FALSE,TRUE,FALSE,FALSE,FALSE,FALSE
"20120310HOUNJN","2012-03-10","NJN","HOU","00:22:02",NA,NA,NA,"NJN","Normal","1 of 2","Made",57,66,1322,22,"1",0,"2",TRUE,"HOU",-9,TRUE,-10,10,FALSE,FALSE,FALSE,FALSE,FALSE,FALSE,FALSE
"20120310HOUNJN","2012-03-10","NJN","HOU","00:22:02",NA,NA,NA,"NJN","Normal","2 of 2","Made",58,66,1322,22,"2",1,"2",TRUE,"HOU",-8,TRUE,-9,9,FALSE,FALSE,FALSE,FALSE,FALSE,FALSE,FALSE
"20120310TORDET","2012-03-10","DET","TOR","00:38:27",NA,NA,NA,"TOR","Normal","1 of 2","Made",13,27,2307,38,"1",0,"2",FALSE,"DET",-14,TRUE,-15,15,FALSE,FALSE,FALSE,FALSE,FALSE,FALSE,FALSE
"20120310TORDET","2012-03-10","DET","TOR","00:38:27",NA,NA,NA,"TOR","Normal","2 of 2","Made",14,27,2307,38,"2",1,"2",FALSE,"DET",-13,TRUE,-14,14,FALSE,FALSE,FALSE,FALSE,FALSE,FALSE,FALSE
"20120310TORDET","2012-03-10","DET","TOR","00:25:51",NA,NA,NA,"TOR","Normal","1 of 2","Made",34,57,1551,25,"1",0,"2",FALSE,"DET",-23,TRUE,-24,24,FALSE,FALSE,FALSE,FALSE,FALSE,FALSE,FALSE
"20120310TORDET","2012-03-10","DET","TOR","00:25:51",NA,NA,NA,"TOR","Normal","2 of 2","Made",35,57,1551,25,"2",1,"2",FALSE,"DET",-22,TRUE,-23,23,FALSE,FALSE,FALSE,FALSE,FALSE,FALSE,FALSE
"20120311MILTOR","2012-03-11","TOR","MIL","00:38:58",NA,NA,NA,"TOR","Normal","1 of 1","Made",21,16,2338,38,"1",0,"1",TRUE,"MIL",5,TRUE,4,4,TRUE,FALSE,TRUE,FALSE,FALSE,FALSE,FALSE
"20120311MILTOR","2012-03-11","TOR","MIL","00:05:10",NA,NA,NA,"TOR","Normal","1 of 1","Made",93,91,310,5,"1",0,"1",TRUE,"MIL",2,TRUE,1,1,TRUE,FALSE,TRUE,FALSE,FALSE,FALSE,FALSE
"20120313TORCLE","2012-03-13","CLE","TOR","00:24:56",NA,NA,NA,"TOR","Normal","2 of 2","Missed",51,42,1496,24,"2",1,"2",FALSE,"CLE",9,FALSE,9,9,TRUE,FALSE,FALSE,FALSE,FALSE,FALSE,FALSE
"20120314PORNYK","2012-03-14","NYK","POR","00:02:32",NA,NA,NA,"POR","Normal","1 of 1","Made",75,114,152,2,"1",0,"1",FALSE,"NYK",-39,TRUE,-40,40,FALSE,TRUE,FALSE,FALSE,FALSE,FALSE,FALSE
"20120314TORNJN","2012-03-14","NJN","TOR","00:47:16",NA,NA,NA,"TOR","Normal","1 of 2","Made",1,0,2836,47,"1",0,"2",FALSE,"NJN",1,TRUE,0,0,FALSE,FALSE,TRUE,FALSE,FALSE,FALSE,TRUE
"20120314TORNJN","2012-03-14","NJN","TOR","00:47:16",NA,NA,NA,"TOR","Normal","2 of 2","Made",2,0,2836,47,"2",1,"2",FALSE,"NJN",2,TRUE,1,1,TRUE,FALSE,TRUE,FALSE,FALSE,FALSE,FALSE
"20120314TORNJN","2012-03-14","NJN","TOR","00:18:24",NA,NA,NA,"TOR","Normal","1 of 2","Made",51,52,1104,18,"1",0,"2",FALSE,"NJN",-1,TRUE,-2,2,FALSE,FALSE,TRUE,FALSE,FALSE,FALSE,FALSE
"20120314TORNJN","2012-03-14","NJN","TOR","00:18:24",NA,NA,NA,"TOR","Normal","2 of 2","Made",52,52,1104,18,"2",1,"2",FALSE,"NJN",0,TRUE,-1,1,FALSE,FALSE,TRUE,FALSE,FALSE,TRUE,FALSE
"20120314TORNJN","2012-03-14","NJN","TOR","00:04:38",NA,NA,NA,"TOR","Normal","1 of 2","Made",74,83,278,4,"1",0,"2",FALSE,"NJN",-9,TRUE,-10,10,FALSE,TRUE,FALSE,FALSE,FALSE,FALSE,FALSE
"20120314TORNJN","2012-03-14","NJN","TOR","00:04:38",NA,NA,NA,"TOR","Normal","2 of 2","Made",75,83,278,4,"2",1,"2",FALSE,"NJN",-8,TRUE,-9,9,FALSE,TRUE,FALSE,FALSE,FALSE,FALSE,FALSE
"20120317NOHNJN","2012-03-17","NJN","NOH","00:41:09",NA,NA,NA,"NJN","Normal","1 of 1","Made",18,19,2469,41,"1",0,"1",TRUE,"NOH",-1,TRUE,-2,2,FALSE,FALSE,TRUE,FALSE,FALSE,FALSE,FALSE
"20120317TORCHA","2012-03-17","CHA","TOR","00:40:28",NA,NA,NA,"TOR","Normal","1 of 2","Made",17,16,2428,40,"1",0,"2",FALSE,"CHA",1,TRUE,0,0,FALSE,FALSE,TRUE,FALSE,FALSE,FALSE,TRUE
"20120317TORCHA","2012-03-17","CHA","TOR","00:40:28",NA,NA,NA,"TOR","Normal","2 of 2","Made",18,16,2428,40,"2",1,"2",FALSE,"CHA",2,TRUE,1,1,TRUE,FALSE,TRUE,FALSE,FALSE,FALSE,FALSE
"20120317TORCHA","2012-03-17","CHA","TOR","00:00:28",NA,NA,NA,"TOR","Normal","1 of 2","Made",99,105,28,0,"1",0,"2",FALSE,"CHA",-6,TRUE,-7,7,FALSE,TRUE,FALSE,FALSE,FALSE,FALSE,FALSE
"20120317TORCHA","2012-03-17","CHA","TOR","00:00:28",NA,NA,NA,"TOR","Normal","2 of 2","Made",100,105,28,0,"2",1,"2",FALSE,"CHA",-5,TRUE,-6,6,FALSE,TRUE,FALSE,FALSE,FALSE,FALSE,FALSE
"20120318ATLCLE","2012-03-18","CLE","ATL","00:45:46",NA,NA,NA,"ATL","Normal","1 of 2","Made",3,4,2746,45,"1",0,"2",FALSE,"CLE",-1,TRUE,-2,2,FALSE,FALSE,TRUE,FALSE,FALSE,FALSE,FALSE
"20120318ATLCLE","2012-03-18","CLE","ATL","00:45:46",NA,NA,NA,"ATL","Normal","2 of 2","Made",4,4,2746,45,"2",1,"2",FALSE,"CLE",0,TRUE,-1,1,FALSE,FALSE,TRUE,FALSE,FALSE,TRUE,FALSE
"20120318ATLCLE","2012-03-18","CLE","ATL","00:35:01",NA,NA,NA,"ATL","Normal","1 of 1","Missed",36,19,2101,35,"1",0,"1",FALSE,"CLE",17,FALSE,17,17,TRUE,FALSE,FALSE,FALSE,FALSE,FALSE,FALSE
"20120318ATLCLE","2012-03-18","CLE","ATL","00:04:14",NA,NA,NA,"CLE","Normal","1 of 2","Made",79,94,254,4,"1",0,"2",TRUE,"ATL",-15,TRUE,-16,16,FALSE,TRUE,FALSE,FALSE,FALSE,FALSE,FALSE
"20120318ATLCLE","2012-03-18","CLE","ATL","00:04:14",NA,NA,NA,"CLE","Normal","2 of 2","Missed",79,94,254,4,"2",1,"2",TRUE,"ATL",-15,FALSE,-15,15,FALSE,TRUE,FALSE,FALSE,FALSE,FALSE,FALSE
"20120318ATLCLE","2012-03-18","CLE","ATL","00:03:19",NA,NA,NA,"ATL","Normal","1 of 2","Made",97,81,199,3,"1",0,"2",FALSE,"CLE",16,TRUE,15,15,TRUE,TRUE,FALSE,FALSE,FALSE,FALSE,FALSE
"20120318ATLCLE","2012-03-18","CLE","ATL","00:03:19",NA,NA,NA,"ATL","Normal","2 of 2","Missed",97,81,199,3,"2",1,"2",FALSE,"CLE",16,FALSE,16,16,TRUE,TRUE,FALSE,FALSE,FALSE,FALSE,FALSE
"20120318ORLMIA","2012-03-18","MIA","ORL","00:20:26",NA,NA,NA,"ORL","Normal","1 of 1","Made",57,54,1226,20,"1",0,"1",FALSE,"MIA",3,TRUE,2,2,TRUE,FALSE,TRUE,FALSE,FALSE,FALSE,FALSE
"20120320TORNYK","2012-03-20","NYK","TOR","00:23:21",NA,NA,NA,"TOR","Normal","1 of 2","Made",45,53,1401,23,"1",0,"2",FALSE,"NYK",-8,TRUE,-9,9,FALSE,FALSE,FALSE,FALSE,FALSE,FALSE,FALSE
"20120320TORNYK","2012-03-20","NYK","TOR","00:23:21",NA,NA,NA,"TOR","Normal","2 of 2","Made",46,53,1401,23,"2",1,"2",FALSE,"NYK",-7,TRUE,-8,8,FALSE,FALSE,FALSE,FALSE,FALSE,FALSE,FALSE
"20120323CLEORL","2012-03-23","ORL","CLE","00:41:27",NA,NA,NA,"CLE","Normal","1 of 2","Made",11,15,2487,41,"1",0,"2",FALSE,"ORL",-4,TRUE,-5,5,FALSE,FALSE,TRUE,FALSE,FALSE,FALSE,FALSE
"20120323CLEORL","2012-03-23","ORL","CLE","00:41:27",NA,NA,NA,"CLE","Normal","2 of 2","Made",12,15,2487,41,"2",1,"2",FALSE,"ORL",-3,TRUE,-4,4,FALSE,FALSE,TRUE,FALSE,FALSE,FALSE,FALSE
"20120323CLEORL","2012-03-23","ORL","CLE","00:28:51",NA,NA,NA,"CLE","Normal","1 of 2","Made",32,41,1731,28,"1",0,"2",FALSE,"ORL",-9,TRUE,-10,10,FALSE,FALSE,FALSE,FALSE,FALSE,FALSE,FALSE
"20120323CLEORL","2012-03-23","ORL","CLE","00:28:51",NA,NA,NA,"CLE","Normal","2 of 2","Made",33,41,1731,28,"2",1,"2",FALSE,"ORL",-8,TRUE,-9,9,FALSE,FALSE,FALSE,FALSE,FALSE,FALSE,FALSE
"20120323CLEORL","2012-03-23","ORL","CLE","00:02:40",NA,NA,NA,"CLE","Normal","1 of 1","Made",75,91,160,2,"1",0,"1",FALSE,"ORL",-16,TRUE,-17,17,FALSE,TRUE,FALSE,FALSE,FALSE,FALSE,FALSE
"20120323NJNATL","2012-03-23","ATL","NJN","00:36:34",NA,NA,NA,"NJN","Normal","1 of 2","Missed",19,19,2194,36,"1",0,"2",FALSE,"ATL",0,FALSE,0,0,FALSE,FALSE,TRUE,FALSE,FALSE,FALSE,TRUE
"20120323NJNATL","2012-03-23","ATL","NJN","00:36:34",NA,NA,NA,"NJN","Normal","2 of 2","Made",20,19,2194,36,"2",1,"2",FALSE,"ATL",1,TRUE,0,0,FALSE,FALSE,TRUE,FALSE,FALSE,FALSE,TRUE
"20120323NJNATL","2012-03-23","ATL","NJN","00:30:48",NA,NA,NA,"NJN","Normal","1 of 2","Missed",33,30,1848,30,"1",0,"2",FALSE,"ATL",3,FALSE,3,3,TRUE,FALSE,TRUE,FALSE,FALSE,FALSE,FALSE
"20120323NJNATL","2012-03-23","ATL","NJN","00:30:48",NA,NA,NA,"NJN","Normal","2 of 2","Made",34,30,1848,30,"2",1,"2",FALSE,"ATL",4,TRUE,3,3,TRUE,FALSE,TRUE,FALSE,FALSE,FALSE,FALSE
"20120323NJNATL","2012-03-23","ATL","NJN","00:30:29",NA,NA,NA,"ATL","Normal","1 of 2","Made",31,34,1829,30,"1",0,"2",TRUE,"NJN",-3,TRUE,-4,4,FALSE,FALSE,TRUE,FALSE,FALSE,FALSE,FALSE
"20120323NJNATL","2012-03-23","ATL","NJN","00:30:29",NA,NA,NA,"ATL","Normal","2 of 2","Missed",31,34,1829,30,"2",1,"2",TRUE,"NJN",-3,FALSE,-3,3,FALSE,FALSE,TRUE,FALSE,FALSE,FALSE,FALSE
"20120323NJNATL","2012-03-23","ATL","NJN","00:13:23",NA,NA,NA,"NJN","Normal","1 of 2","Missed",66,62,803,13,"1",0,"2",FALSE,"ATL",4,FALSE,4,4,TRUE,FALSE,TRUE,FALSE,FALSE,FALSE,FALSE
"20120323NJNATL","2012-03-23","ATL","NJN","00:13:23",NA,NA,NA,"NJN","Normal","2 of 2","Made",67,62,803,13,"2",1,"2",FALSE,"ATL",5,TRUE,4,4,TRUE,FALSE,TRUE,FALSE,FALSE,FALSE,FALSE
"20120323NJNATL","2012-03-23","ATL","NJN","00:00:21",NA,NA,NA,"ATL","Normal","1 of 2","Made",89,84,21,0,"1",0,"2",TRUE,"NJN",5,TRUE,4,4,TRUE,TRUE,TRUE,TRUE,FALSE,FALSE,FALSE
"20120323NJNATL","2012-03-23","ATL","NJN","00:00:21",NA,NA,NA,"ATL","Normal","2 of 2","Missed",89,84,21,0,"2",1,"2",TRUE,"NJN",5,FALSE,5,5,TRUE,TRUE,TRUE,TRUE,FALSE,FALSE,FALSE
"20120323NYKTOR","2012-03-23","TOR","NYK","00:29:22",NA,NA,NA,"TOR","Normal","1 of 2","Made",33,27,1762,29,"1",0,"2",TRUE,"NYK",6,TRUE,5,5,TRUE,FALSE,TRUE,FALSE,FALSE,FALSE,FALSE
"20120323NYKTOR","2012-03-23","TOR","NYK","00:29:22",NA,NA,NA,"TOR","Normal","2 of 2","Missed",33,27,1762,29,"2",1,"2",TRUE,"NYK",6,FALSE,6,6,TRUE,FALSE,FALSE,FALSE,FALSE,FALSE,FALSE
"20120323NYKTOR","2012-03-23","TOR","NYK","00:16:43",NA,NA,NA,"TOR","Normal","1 of 2","Missed",55,44,1003,16,"1",0,"2",TRUE,"NYK",11,FALSE,11,11,TRUE,FALSE,FALSE,FALSE,FALSE,FALSE,FALSE
"20120323NYKTOR","2012-03-23","TOR","NYK","00:16:43",NA,NA,NA,"TOR","Normal","2 of 2","Made",56,44,1003,16,"2",1,"2",TRUE,"NYK",12,TRUE,11,11,TRUE,FALSE,FALSE,FALSE,FALSE,FALSE,FALSE
"20120324ATLWAS","2012-03-24","WAS","ATL","00:04:57",NA,NA,NA,"ATL","Normal","1 of 2","Made",84,87,297,4,"1",0,"2",FALSE,"WAS",-3,TRUE,-4,4,FALSE,TRUE,TRUE,TRUE,FALSE,FALSE,FALSE
"20120324ATLWAS","2012-03-24","WAS","ATL","00:04:57",NA,NA,NA,"ATL","Normal","2 of 2","Missed",84,87,297,4,"2",1,"2",FALSE,"WAS",-3,FALSE,-3,3,FALSE,TRUE,TRUE,TRUE,FALSE,FALSE,FALSE
"20120324ATLWAS","2012-03-24","WAS","ATL","00:00:12",NA,NA,NA,"ATL","Normal","1 of 2","Made",94,92,12,0,"1",0,"2",FALSE,"WAS",2,TRUE,1,1,TRUE,TRUE,TRUE,TRUE,FALSE,FALSE,FALSE
"20120324ATLWAS","2012-03-24","WAS","ATL","00:00:12",NA,NA,NA,"ATL","Normal","2 of 2","Made",95,92,12,0,"2",1,"2",FALSE,"WAS",3,TRUE,2,2,TRUE,TRUE,TRUE,TRUE,FALSE,FALSE,FALSE
"20120324CHANJN","2012-03-24","NJN","CHA","00:06:09",NA,NA,NA,"NJN","Normal","1 of 3","Made",90,75,369,6,"1",0,"3",TRUE,"CHA",15,TRUE,14,14,TRUE,FALSE,FALSE,FALSE,FALSE,FALSE,FALSE
"20120324CHANJN","2012-03-24","NJN","CHA","00:06:09",NA,NA,NA,"NJN","Normal","2 of 3","Made",91,75,369,6,"2",1,"3",TRUE,"CHA",16,TRUE,15,15,TRUE,FALSE,FALSE,FALSE,FALSE,FALSE,FALSE
"20120324CHANJN","2012-03-24","NJN","CHA","00:06:09",NA,NA,NA,"NJN","Normal","3 of 3","Made",92,75,369,6,"3",2,"3",TRUE,"CHA",17,TRUE,16,16,TRUE,FALSE,FALSE,FALSE,FALSE,FALSE,FALSE
"20120324TORCHI","2012-03-24","CHI","TOR","00:26:21",NA,NA,NA,"TOR","Normal","1 of 2","Made",50,48,1581,26,"1",0,"2",FALSE,"CHI",2,TRUE,1,1,TRUE,FALSE,TRUE,FALSE,FALSE,FALSE,FALSE
"20120324TORCHI","2012-03-24","CHI","TOR","00:26:21",NA,NA,NA,"TOR","Normal","2 of 2","Made",51,48,1581,26,"2",1,"2",FALSE,"CHI",3,TRUE,2,2,TRUE,FALSE,TRUE,FALSE,FALSE,FALSE,FALSE
"20120324TORCHI","2012-03-24","CHI","TOR","00:08:33",NA,NA,NA,"TOR","Normal","1 of 2","Made",78,75,513,8,"1",0,"2",FALSE,"CHI",3,TRUE,2,2,TRUE,FALSE,TRUE,FALSE,FALSE,FALSE,FALSE
"20120324TORCHI","2012-03-24","CHI","TOR","00:08:33",NA,NA,NA,"TOR","Normal","2 of 2","Made",79,75,513,8,"2",1,"2",FALSE,"CHI",4,TRUE,3,3,TRUE,FALSE,TRUE,FALSE,FALSE,FALSE,FALSE
"20120324TORCHI","2012-03-24","CHI","TOR","00:01:04",NA,NA,NA,"TOR","Normal","1 of 2","Made",91,90,64,1,"1",0,"2",FALSE,"CHI",1,TRUE,0,0,FALSE,TRUE,TRUE,TRUE,FALSE,FALSE,TRUE
"20120324TORCHI","2012-03-24","CHI","TOR","00:01:04",NA,NA,NA,"TOR","Normal","2 of 2","Made",92,90,64,1,"2",1,"2",FALSE,"CHI",2,TRUE,1,1,TRUE,TRUE,TRUE,TRUE,FALSE,FALSE,FALSE
"20120324TORCHI","2012-03-24","CHI","TOR","-00:04:45",NA,NA,NA,"TOR","Normal","1 of 2","Missed",100,100,-285,-5,"1",0,"2",FALSE,"CHI",0,FALSE,0,0,FALSE,TRUE,TRUE,TRUE,TRUE,FALSE,TRUE
"20120324TORCHI","2012-03-24","CHI","TOR","-00:04:45",NA,NA,NA,"TOR","Normal","2 of 2","Made",101,100,-285,-5,"2",1,"2",FALSE,"CHI",1,TRUE,0,0,FALSE,TRUE,TRUE,TRUE,TRUE,FALSE,TRUE
"20120325UTAATL","2012-03-25","ATL","UTA","00:35:04",NA,NA,NA,"ATL","Normal","1 of 2","Made",30,22,2104,35,"1",0,"2",TRUE,"UTA",8,TRUE,7,7,TRUE,FALSE,FALSE,FALSE,FALSE,FALSE,FALSE
"20120325UTAATL","2012-03-25","ATL","UTA","00:35:04",NA,NA,NA,"ATL","Normal","2 of 2","Missed",30,22,2104,35,"2",1,"2",TRUE,"UTA",8,FALSE,8,8,TRUE,FALSE,FALSE,FALSE,FALSE,FALSE,FALSE
"20120325UTAATL","2012-03-25","ATL","UTA","00:16:52",NA,NA,NA,"ATL","Normal","1 of 2","Missed",62,58,1012,16,"1",0,"2",TRUE,"UTA",4,FALSE,4,4,TRUE,FALSE,TRUE,FALSE,FALSE,FALSE,FALSE
"20120325UTAATL","2012-03-25","ATL","UTA","00:16:52",NA,NA,NA,"ATL","Normal","2 of 2","Made",63,58,1012,16,"2",1,"2",TRUE,"UTA",5,TRUE,4,4,TRUE,FALSE,TRUE,FALSE,FALSE,FALSE,FALSE
"20120325UTAATL","2012-03-25","ATL","UTA","00:14:41",NA,NA,NA,"ATL","Normal","1 of 2","Made",65,68,881,14,"1",0,"2",TRUE,"UTA",-3,TRUE,-4,4,FALSE,FALSE,TRUE,FALSE,FALSE,FALSE,FALSE
"20120325UTAATL","2012-03-25","ATL","UTA","00:14:41",NA,NA,NA,"ATL","Normal","2 of 2","Made",66,68,881,14,"2",1,"2",TRUE,"UTA",-2,TRUE,-3,3,FALSE,FALSE,TRUE,FALSE,FALSE,FALSE,FALSE
"20120325UTAATL","2012-03-25","ATL","UTA","00:05:54",NA,NA,NA,"ATL","Normal","1 of 2","Missed",89,91,354,5,"1",0,"2",TRUE,"UTA",-2,FALSE,-2,2,FALSE,FALSE,TRUE,FALSE,FALSE,FALSE,FALSE
"20120325UTAATL","2012-03-25","ATL","UTA","00:05:54",NA,NA,NA,"ATL","Normal","2 of 2","Missed",89,91,354,5,"2",1,"2",TRUE,"UTA",-2,FALSE,-2,2,FALSE,FALSE,TRUE,FALSE,FALSE,FALSE,FALSE
"20120325UTAATL","2012-03-25","ATL","UTA","-00:16:35",NA,NA,NA,"ATL","Normal","1 of 2","Made",129,125,-995,-17,"1",0,"2",TRUE,"UTA",4,TRUE,3,3,TRUE,TRUE,TRUE,TRUE,TRUE,FALSE,FALSE
"20120325UTAATL","2012-03-25","ATL","UTA","-00:16:35",NA,NA,NA,"ATL","Normal","2 of 2","Made",130,125,-995,-17,"2",1,"2",TRUE,"UTA",5,TRUE,4,4,TRUE,TRUE,TRUE,TRUE,TRUE,FALSE,FALSE
"20120325UTAATL","2012-03-25","ATL","UTA","-00:19:55",NA,NA,NA,"ATL","Normal","1 of 2","Made",138,133,-1195,-20,"1",0,"2",TRUE,"UTA",5,TRUE,4,4,TRUE,TRUE,TRUE,TRUE,TRUE,FALSE,FALSE
"20120325UTAATL","2012-03-25","ATL","UTA","-00:19:55",NA,NA,NA,"ATL","Normal","2 of 2","Made",139,133,-1195,-20,"2",1,"2",TRUE,"UTA",6,TRUE,5,5,TRUE,TRUE,TRUE,TRUE,TRUE,FALSE,FALSE
"20120326ORLTOR","2012-03-26","TOR","ORL","00:24:59",NA,NA,NA,"TOR","Normal","1 of 2","Made",48,59,1499,24,"1",0,"2",TRUE,"ORL",-11,TRUE,-12,12,FALSE,FALSE,FALSE,FALSE,FALSE,FALSE,FALSE
"20120326ORLTOR","2012-03-26","TOR","ORL","00:24:59",NA,NA,NA,"TOR","Normal","2 of 2","Made",49,59,1499,24,"2",1,"2",TRUE,"ORL",-10,TRUE,-11,11,FALSE,FALSE,FALSE,FALSE,FALSE,FALSE,FALSE
"20120326ORLTOR","2012-03-26","TOR","ORL","00:09:43",NA,NA,NA,"TOR","Normal","1 of 2","Made",79,99,583,9,"1",0,"2",TRUE,"ORL",-20,TRUE,-21,21,FALSE,FALSE,FALSE,FALSE,FALSE,FALSE,FALSE
"20120326ORLTOR","2012-03-26","TOR","ORL","00:09:43",NA,NA,NA,"TOR","Normal","2 of 2","Made",80,99,583,9,"2",1,"2",TRUE,"ORL",-19,TRUE,-20,20,FALSE,FALSE,FALSE,FALSE,FALSE,FALSE,FALSE
"20120326UTANJN","2012-03-26","NJN","UTA","00:29:36",NA,NA,NA,"NJN","Normal","1 of 2","Missed",23,34,1776,29,"1",0,"2",TRUE,"UTA",-11,FALSE,-11,11,FALSE,FALSE,FALSE,FALSE,FALSE,FALSE,FALSE
"20120326UTANJN","2012-03-26","NJN","UTA","00:29:36",NA,NA,NA,"NJN","Normal","2 of 2","Missed",23,34,1776,29,"2",1,"2",TRUE,"UTA",-11,FALSE,-11,11,FALSE,FALSE,FALSE,FALSE,FALSE,FALSE,FALSE
"20120326UTANJN","2012-03-26","NJN","UTA","00:28:26",NA,NA,NA,"NJN","Normal","1 of 2","Missed",25,38,1706,28,"1",0,"2",TRUE,"UTA",-13,FALSE,-13,13,FALSE,FALSE,FALSE,FALSE,FALSE,FALSE,FALSE
"20120326UTANJN","2012-03-26","NJN","UTA","00:28:26",NA,NA,NA,"NJN","Normal","2 of 2","Made",26,38,1706,28,"2",1,"2",TRUE,"UTA",-12,TRUE,-13,13,FALSE,FALSE,FALSE,FALSE,FALSE,FALSE,FALSE
"20120326UTANJN","2012-03-26","NJN","UTA","00:20:58",NA,NA,NA,"NJN","Normal","1 of 2","Missed",38,58,1258,20,"1",0,"2",TRUE,"UTA",-20,FALSE,-20,20,FALSE,FALSE,FALSE,FALSE,FALSE,FALSE,FALSE
"20120326UTANJN","2012-03-26","NJN","UTA","00:20:58",NA,NA,NA,"NJN","Normal","2 of 2","Made",39,58,1258,20,"2",1,"2",TRUE,"UTA",-19,TRUE,-20,20,FALSE,FALSE,FALSE,FALSE,FALSE,FALSE,FALSE
"20120326UTANJN","2012-03-26","NJN","UTA","00:15:22",NA,NA,NA,"NJN","Normal","1 of 1","Missed",54,67,922,15,"1",0,"1",TRUE,"UTA",-13,FALSE,-13,13,FALSE,FALSE,FALSE,FALSE,FALSE,FALSE,FALSE
"20120326UTANJN","2012-03-26","NJN","UTA","00:05:34",NA,NA,NA,"NJN","Normal","1 of 2","Made",74,90,334,5,"1",0,"2",TRUE,"UTA",-16,TRUE,-17,17,FALSE,FALSE,FALSE,FALSE,FALSE,FALSE,FALSE
"20120326UTANJN","2012-03-26","NJN","UTA","00:05:34",NA,NA,NA,"NJN","Normal","2 of 2","Missed",74,90,334,5,"2",1,"2",TRUE,"UTA",-16,FALSE,-16,16,FALSE,FALSE,FALSE,FALSE,FALSE,FALSE,FALSE
"20120326UTANJN","2012-03-26","NJN","UTA","00:04:55",NA,NA,NA,"NJN","Normal","1 of 2","Missed",74,92,295,4,"1",0,"2",TRUE,"UTA",-18,FALSE,-18,18,FALSE,TRUE,FALSE,FALSE,FALSE,FALSE,FALSE
"20120326UTANJN","2012-03-26","NJN","UTA","00:04:55",NA,NA,NA,"NJN","Normal","2 of 2","Made",75,92,295,4,"2",1,"2",TRUE,"UTA",-17,TRUE,-18,18,FALSE,TRUE,FALSE,FALSE,FALSE,FALSE,FALSE
"20120326UTANJN","2012-03-26","NJN","UTA","00:02:19",NA,NA,NA,"NJN","Normal","1 of 2","Missed",79,99,139,2,"1",0,"2",TRUE,"UTA",-20,FALSE,-20,20,FALSE,TRUE,FALSE,FALSE,FALSE,FALSE,FALSE
"20120326UTANJN","2012-03-26","NJN","UTA","00:02:19",NA,NA,NA,"NJN","Normal","2 of 2","Made",80,99,139,2,"2",1,"2",TRUE,"UTA",-19,TRUE,-20,20,FALSE,TRUE,FALSE,FALSE,FALSE,FALSE,FALSE
"20120327ATLMIL","2012-03-27","MIL","ATL","00:38:10",NA,NA,NA,"ATL","Normal","1 of 2","Made",20,24,2290,38,"1",0,"2",FALSE,"MIL",-4,TRUE,-5,5,FALSE,FALSE,TRUE,FALSE,FALSE,FALSE,FALSE
"20120327ATLMIL","2012-03-27","MIL","ATL","00:38:10",NA,NA,NA,"ATL","Normal","2 of 2","Missed",20,24,2290,38,"2",1,"2",FALSE,"MIL",-4,FALSE,-4,4,FALSE,FALSE,TRUE,FALSE,FALSE,FALSE,FALSE
"20120327ATLMIL","2012-03-27","MIL","ATL","00:17:09",NA,NA,NA,"ATL","Technical","1 of 1","Missed",67,74,1029,17,"1",0,"1",FALSE,"MIL",-7,FALSE,-7,7,FALSE,FALSE,FALSE,FALSE,FALSE,FALSE,FALSE
"20120327ATLMIL","2012-03-27","MIL","ATL","00:15:34",NA,NA,NA,"ATL","Normal","1 of 2","Made",70,76,934,15,"1",0,"2",FALSE,"MIL",-6,TRUE,-7,7,FALSE,FALSE,FALSE,FALSE,FALSE,FALSE,FALSE
"20120327ATLMIL","2012-03-27","MIL","ATL","00:15:34",NA,NA,NA,"ATL","Normal","2 of 2","Made",71,76,934,15,"2",1,"2",FALSE,"MIL",-5,TRUE,-6,6,FALSE,FALSE,FALSE,FALSE,FALSE,FALSE,FALSE
"20120327ATLMIL","2012-03-27","MIL","ATL","00:02:48",NA,NA,NA,"ATL","Normal","1 of 2","Made",92,98,168,2,"1",0,"2",FALSE,"MIL",-6,TRUE,-7,7,FALSE,TRUE,FALSE,FALSE,FALSE,FALSE,FALSE
"20120327ATLMIL","2012-03-27","MIL","ATL","00:02:48",NA,NA,NA,"ATL","Normal","2 of 2","Missed",92,98,168,2,"2",1,"2",FALSE,"MIL",-6,FALSE,-6,6,FALSE,TRUE,FALSE,FALSE,FALSE,FALSE,FALSE
"20120327CLEPHI","2012-03-27","PHI","CLE","00:27:20",NA,NA,NA,"CLE","Normal","1 of 2","Made",34,48,1640,27,"1",0,"2",FALSE,"PHI",-14,TRUE,-15,15,FALSE,FALSE,FALSE,FALSE,FALSE,FALSE,FALSE
"20120327CLEPHI","2012-03-27","PHI","CLE","00:27:20",NA,NA,NA,"CLE","Normal","2 of 2","Made",35,48,1640,27,"2",1,"2",FALSE,"PHI",-13,TRUE,-14,14,FALSE,FALSE,FALSE,FALSE,FALSE,FALSE,FALSE
"20120327CLEPHI","2012-03-27","PHI","CLE","00:26:51",NA,NA,NA,"CLE","Normal","1 of 2","Made",36,48,1611,26,"1",0,"2",FALSE,"PHI",-12,TRUE,-13,13,FALSE,FALSE,FALSE,FALSE,FALSE,FALSE,FALSE
"20120327CLEPHI","2012-03-27","PHI","CLE","00:26:51",NA,NA,NA,"CLE","Normal","2 of 2","Missed",36,48,1611,26,"2",1,"2",FALSE,"PHI",-12,FALSE,-12,12,FALSE,FALSE,FALSE,FALSE,FALSE,FALSE,FALSE
"20120327CLEPHI","2012-03-27","PHI","CLE","00:23:07",NA,NA,NA,"CLE","Normal","1 of 2","Missed",43,57,1387,23,"1",0,"2",FALSE,"PHI",-14,FALSE,-14,14,FALSE,FALSE,FALSE,FALSE,FALSE,FALSE,FALSE
"20120327CLEPHI","2012-03-27","PHI","CLE","00:23:07",NA,NA,NA,"CLE","Normal","2 of 2","Missed",43,57,1387,23,"2",1,"2",FALSE,"PHI",-14,FALSE,-14,14,FALSE,FALSE,FALSE,FALSE,FALSE,FALSE,FALSE
"20120330NJNGSW","2012-03-30","GSW","NJN","00:31:41",NA,NA,NA,"NJN","Normal","1 of 2","Made",25,34,1901,31,"1",0,"2",FALSE,"GSW",-9,TRUE,-10,10,FALSE,FALSE,FALSE,FALSE,FALSE,FALSE,FALSE
"20120330NJNGSW","2012-03-30","GSW","NJN","00:31:41",NA,NA,NA,"NJN","Normal","2 of 2","Made",26,34,1901,31,"2",1,"2",FALSE,"GSW",-8,TRUE,-9,9,FALSE,FALSE,FALSE,FALSE,FALSE,FALSE,FALSE
"20120330NJNGSW","2012-03-30","GSW","NJN","00:18:01",NA,NA,NA,"NJN","Normal","1 of 2","Made",53,70,1081,18,"1",0,"2",FALSE,"GSW",-17,TRUE,-18,18,FALSE,FALSE,FALSE,FALSE,FALSE,FALSE,FALSE
"20120330NJNGSW","2012-03-30","GSW","NJN","00:18:01",NA,NA,NA,"NJN","Normal","2 of 2","Missed",53,70,1081,18,"2",1,"2",FALSE,"GSW",-17,FALSE,-17,17,FALSE,FALSE,FALSE,FALSE,FALSE,FALSE,FALSE
"20120330NJNGSW","2012-03-30","GSW","NJN","00:04:17",NA,NA,NA,"NJN","Normal","1 of 2","Made",90,95,257,4,"1",0,"2",FALSE,"GSW",-5,TRUE,-6,6,FALSE,TRUE,FALSE,FALSE,FALSE,FALSE,FALSE
"20120330NJNGSW","2012-03-30","GSW","NJN","00:04:17",NA,NA,NA,"NJN","Normal","2 of 2","Missed",90,95,257,4,"2",1,"2",FALSE,"GSW",-5,FALSE,-5,5,FALSE,TRUE,TRUE,TRUE,FALSE,FALSE,FALSE
"20120331ATLPHI","2012-03-31","PHI","ATL","00:33:11",NA,NA,NA,"ATL","Normal","1 of 1","Made",30,21,1991,33,"1",0,"1",FALSE,"PHI",9,TRUE,8,8,TRUE,FALSE,FALSE,FALSE,FALSE,FALSE,FALSE
"20120331NJNSAC","2012-03-31","SAC","NJN","00:39:00",NA,NA,NA,"NJN","Normal","1 of 1","Made",22,25,2340,39,"1",0,"1",FALSE,"SAC",-3,TRUE,-4,4,FALSE,FALSE,TRUE,FALSE,FALSE,FALSE,FALSE
"20120331NJNSAC","2012-03-31","SAC","NJN","00:36:52",NA,NA,NA,"NJN","Normal","1 of 2","Made",28,34,2212,36,"1",0,"2",FALSE,"SAC",-6,TRUE,-7,7,FALSE,FALSE,FALSE,FALSE,FALSE,FALSE,FALSE
"20120331NJNSAC","2012-03-31","SAC","NJN","00:36:52",NA,NA,NA,"NJN","Normal","2 of 2","Made",29,34,2212,36,"2",1,"2",FALSE,"SAC",-5,TRUE,-6,6,FALSE,FALSE,FALSE,FALSE,FALSE,FALSE,FALSE
"20120331NJNSAC","2012-03-31","SAC","NJN","00:23:06",NA,NA,NA,"NJN","Normal","1 of 2","Made",60,56,1386,23,"1",0,"2",FALSE,"SAC",4,TRUE,3,3,TRUE,FALSE,TRUE,FALSE,FALSE,FALSE,FALSE
"20120331NJNSAC","2012-03-31","SAC","NJN","00:23:06",NA,NA,NA,"NJN","Normal","2 of 2","Missed",60,56,1386,23,"2",1,"2",FALSE,"SAC",4,FALSE,4,4,TRUE,FALSE,TRUE,FALSE,FALSE,FALSE,FALSE
"20120331NJNSAC","2012-03-31","SAC","NJN","00:08:57",NA,NA,NA,"NJN","Normal","1 of 2","Made",94,81,537,8,"1",0,"2",FALSE,"SAC",13,TRUE,12,12,TRUE,FALSE,FALSE,FALSE,FALSE,FALSE,FALSE
"20120331NJNSAC","2012-03-31","SAC","NJN","00:08:57",NA,NA,NA,"NJN","Normal","2 of 2","Made",95,81,537,8,"2",1,"2",FALSE,"SAC",14,TRUE,13,13,TRUE,FALSE,FALSE,FALSE,FALSE,FALSE,FALSE
"20120331NJNSAC","2012-03-31","SAC","NJN","00:03:09",NA,NA,NA,"NJN","Normal","1 of 2","Made",103,95,189,3,"1",0,"2",FALSE,"SAC",8,TRUE,7,7,TRUE,TRUE,FALSE,FALSE,FALSE,FALSE,FALSE
"20120331NJNSAC","2012-03-31","SAC","NJN","00:03:09",NA,NA,NA,"NJN","Normal","2 of 2","Made",104,95,189,3,"2",1,"2",FALSE,"SAC",9,TRUE,8,8,TRUE,TRUE,FALSE,FALSE,FALSE,FALSE,FALSE
"20120331NJNSAC","2012-03-31","SAC","NJN","00:01:05",NA,NA,NA,"NJN","Normal","1 of 2","Made",109,99,65,1,"1",0,"2",FALSE,"SAC",10,TRUE,9,9,TRUE,TRUE,FALSE,FALSE,FALSE,FALSE,FALSE
"20120331NJNSAC","2012-03-31","SAC","NJN","00:01:05",NA,NA,NA,"NJN","Normal","2 of 2","Missed",109,99,65,1,"2",1,"2",FALSE,"SAC",10,FALSE,10,10,TRUE,TRUE,FALSE,FALSE,FALSE,FALSE,FALSE
"20120403ORLDET","2012-04-03","DET","ORL","00:33:02",NA,NA,NA,"ORL","Normal","1 of 1","Made",33,29,1982,33,"1",0,"1",FALSE,"DET",4,TRUE,3,3,TRUE,FALSE,TRUE,FALSE,FALSE,FALSE,FALSE
"20120403ORLDET","2012-04-03","DET","ORL","00:19:53",NA,NA,NA,"ORL","Normal","1 of 2","Made",52,58,1193,19,"1",0,"2",FALSE,"DET",-6,TRUE,-7,7,FALSE,FALSE,FALSE,FALSE,FALSE,FALSE,FALSE
"20120403ORLDET","2012-04-03","DET","ORL","00:19:53",NA,NA,NA,"ORL","Normal","2 of 2","Missed",52,58,1193,19,"2",1,"2",FALSE,"DET",-6,FALSE,-6,6,FALSE,FALSE,FALSE,FALSE,FALSE,FALSE,FALSE
"20120403ORLDET","2012-04-03","DET","ORL","00:14:57",NA,NA,NA,"ORL","Normal","1 of 1","Made",67,68,897,14,"1",0,"1",FALSE,"DET",-1,TRUE,-2,2,FALSE,FALSE,TRUE,FALSE,FALSE,FALSE,FALSE
"20120408CLENJN","2012-04-08","NJN","CLE","00:40:21",NA,NA,NA,"NJN","Normal","1 of 2","Missed",10,16,2421,40,"1",0,"2",TRUE,"CLE",-6,FALSE,-6,6,FALSE,FALSE,FALSE,FALSE,FALSE,FALSE,FALSE
"20120408CLENJN","2012-04-08","NJN","CLE","00:40:21",NA,NA,NA,"NJN","Normal","2 of 2","Made",11,16,2421,40,"2",1,"2",TRUE,"CLE",-5,TRUE,-6,6,FALSE,FALSE,FALSE,FALSE,FALSE,FALSE,FALSE
"20120408CLENJN","2012-04-08","NJN","CLE","00:32:19",NA,NA,NA,"NJN","Normal","1 of 2","Missed",33,33,1939,32,"1",0,"2",TRUE,"CLE",0,FALSE,0,0,FALSE,FALSE,TRUE,FALSE,FALSE,FALSE,TRUE
"20120408CLENJN","2012-04-08","NJN","CLE","00:32:19",NA,NA,NA,"NJN","Normal","2 of 2","Missed",33,33,1939,32,"2",1,"2",TRUE,"CLE",0,FALSE,0,0,FALSE,FALSE,TRUE,FALSE,FALSE,FALSE,TRUE
"20120408CLENJN","2012-04-08","NJN","CLE","00:29:07",NA,NA,NA,"CLE","Normal","1 of 2","Missed",33,44,1747,29,"1",0,"2",FALSE,"NJN",-11,FALSE,-11,11,FALSE,FALSE,FALSE,FALSE,FALSE,FALSE,FALSE
"20120408CLENJN","2012-04-08","NJN","CLE","00:29:07",NA,NA,NA,"CLE","Normal","2 of 2","Made",34,44,1747,29,"2",1,"2",FALSE,"NJN",-10,TRUE,-11,11,FALSE,FALSE,FALSE,FALSE,FALSE,FALSE,FALSE
"20120408CLENJN","2012-04-08","NJN","CLE","00:27:11",NA,NA,NA,"NJN","Normal","1 of 2","Made",47,40,1631,27,"1",0,"2",TRUE,"CLE",7,TRUE,6,6,TRUE,FALSE,FALSE,FALSE,FALSE,FALSE,FALSE
"20120408CLENJN","2012-04-08","NJN","CLE","00:27:11",NA,NA,NA,"NJN","Normal","2 of 2","Made",48,40,1631,27,"2",1,"2",TRUE,"CLE",8,TRUE,7,7,TRUE,FALSE,FALSE,FALSE,FALSE,FALSE,FALSE
"20120408CLENJN","2012-04-08","NJN","CLE","00:18:04",NA,NA,NA,"CLE","Normal","1 of 2","Missed",65,67,1084,18,"1",0,"2",FALSE,"NJN",-2,FALSE,-2,2,FALSE,FALSE,TRUE,FALSE,FALSE,FALSE,FALSE
"20120408CLENJN","2012-04-08","NJN","CLE","00:18:04",NA,NA,NA,"CLE","Normal","2 of 2","Missed",65,67,1084,18,"2",1,"2",FALSE,"NJN",-2,FALSE,-2,2,FALSE,FALSE,TRUE,FALSE,FALSE,FALSE,FALSE
"20120408CLENJN","2012-04-08","NJN","CLE","00:03:48",NA,NA,NA,"NJN","Normal","1 of 2","Made",97,96,228,3,"1",0,"2",TRUE,"CLE",1,TRUE,0,0,FALSE,TRUE,TRUE,TRUE,FALSE,FALSE,TRUE
"20120408CLENJN","2012-04-08","NJN","CLE","00:03:48",NA,NA,NA,"NJN","Normal","2 of 2","Made",98,96,228,3,"2",1,"2",TRUE,"CLE",2,TRUE,1,1,TRUE,TRUE,TRUE,TRUE,FALSE,FALSE,FALSE
"20120408CLENJN","2012-04-08","NJN","CLE","-00:01:54",NA,NA,NA,"NJN","Normal","1 of 2","Made",114,112,-114,-2,"1",0,"2",TRUE,"CLE",2,TRUE,1,1,TRUE,TRUE,TRUE,TRUE,TRUE,FALSE,FALSE
"20120408CLENJN","2012-04-08","NJN","CLE","-00:01:54",NA,NA,NA,"NJN","Normal","2 of 2","Made",115,112,-114,-2,"2",1,"2",TRUE,"CLE",3,TRUE,2,2,TRUE,TRUE,TRUE,TRUE,TRUE,FALSE,FALSE
"20120408TOROKC","2012-04-08","OKC","TOR","00:27:07",NA,NA,NA,"TOR","Normal","1 of 2","Missed",31,40,1627,27,"1",0,"2",FALSE,"OKC",-9,FALSE,-9,9,FALSE,FALSE,FALSE,FALSE,FALSE,FALSE,FALSE
"20120408TOROKC","2012-04-08","OKC","TOR","00:27:07",NA,NA,NA,"TOR","Normal","2 of 2","Made",32,40,1627,27,"2",1,"2",FALSE,"OKC",-8,TRUE,-9,9,FALSE,FALSE,FALSE,FALSE,FALSE,FALSE,FALSE
"20120409DETORL","2012-04-09","ORL","DET","00:30:31",NA,NA,NA,"ORL","Normal","1 of 2","Made",48,30,1831,30,"1",0,"2",TRUE,"DET",18,TRUE,17,17,TRUE,FALSE,FALSE,FALSE,FALSE,FALSE,FALSE
"20120409DETORL","2012-04-09","ORL","DET","00:30:31",NA,NA,NA,"ORL","Normal","2 of 2","Made",49,30,1831,30,"2",1,"2",TRUE,"DET",19,TRUE,18,18,TRUE,FALSE,FALSE,FALSE,FALSE,FALSE,FALSE
"20120409DETORL","2012-04-09","ORL","DET","00:09:40",NA,NA,NA,"ORL","Normal","1 of 1","Made",99,76,580,9,"1",0,"1",TRUE,"DET",23,TRUE,22,22,TRUE,FALSE,FALSE,FALSE,FALSE,FALSE,FALSE
"20120409TORIND","2012-04-09","IND","TOR","00:41:59",NA,NA,NA,"TOR","Normal","1 of 2","Missed",9,8,2519,41,"1",0,"2",FALSE,"IND",1,FALSE,1,1,TRUE,FALSE,TRUE,FALSE,FALSE,FALSE,FALSE
"20120409TORIND","2012-04-09","IND","TOR","00:41:59",NA,NA,NA,"TOR","Normal","2 of 2","Made",10,8,2519,41,"2",1,"2",FALSE,"IND",2,TRUE,1,1,TRUE,FALSE,TRUE,FALSE,FALSE,FALSE,FALSE
"20120410ORLWAS","2012-04-10","WAS","ORL","00:37:34",NA,NA,NA,"ORL","Normal","1 of 2","Missed",25,16,2254,37,"1",0,"2",FALSE,"WAS",9,FALSE,9,9,TRUE,FALSE,FALSE,FALSE,FALSE,FALSE,FALSE
"20120410ORLWAS","2012-04-10","WAS","ORL","00:37:34",NA,NA,NA,"ORL","Normal","2 of 2","Made",26,16,2254,37,"2",1,"2",FALSE,"WAS",10,TRUE,9,9,TRUE,FALSE,FALSE,FALSE,FALSE,FALSE,FALSE
"20120410PHINJN","2012-04-10","NJN","PHI","00:43:50",NA,NA,NA,"NJN","Normal","1 of 2","Missed",4,2,2630,43,"1",0,"2",TRUE,"PHI",2,FALSE,2,2,TRUE,FALSE,TRUE,FALSE,FALSE,FALSE,FALSE
"20120410PHINJN","2012-04-10","NJN","PHI","00:43:50",NA,NA,NA,"NJN","Normal","2 of 2","Made",5,2,2630,43,"2",1,"2",TRUE,"PHI",3,TRUE,2,2,TRUE,FALSE,TRUE,FALSE,FALSE,FALSE,FALSE
"20120410PHINJN","2012-04-10","NJN","PHI","00:24:04",NA,NA,NA,"NJN","Normal","1 of 2","Made",42,49,1444,24,"1",0,"2",TRUE,"PHI",-7,TRUE,-8,8,FALSE,FALSE,FALSE,FALSE,FALSE,FALSE,FALSE
"20120410PHINJN","2012-04-10","NJN","PHI","00:24:04",NA,NA,NA,"NJN","Normal","2 of 2","Made",43,49,1444,24,"2",1,"2",TRUE,"PHI",-6,TRUE,-7,7,FALSE,FALSE,FALSE,FALSE,FALSE,FALSE,FALSE
"20120411ATLBOS","2012-04-11","BOS","ATL","00:29:34",NA,NA,NA,"ATL","Normal","1 of 2","Made",39,35,1774,29,"1",0,"2",FALSE,"BOS",4,TRUE,3,3,TRUE,FALSE,TRUE,FALSE,FALSE,FALSE,FALSE
"20120411ATLBOS","2012-04-11","BOS","ATL","00:29:34",NA,NA,NA,"ATL","Normal","2 of 2","Missed",39,35,1774,29,"2",1,"2",FALSE,"BOS",4,FALSE,4,4,TRUE,FALSE,TRUE,FALSE,FALSE,FALSE,FALSE
"20120411ATLBOS","2012-04-11","BOS","ATL","00:25:00",NA,NA,NA,"ATL","Normal","1 of 1","Made",48,40,1500,25,"1",0,"1",FALSE,"BOS",8,TRUE,7,7,TRUE,FALSE,FALSE,FALSE,FALSE,FALSE,FALSE
"20120411ATLBOS","2012-04-11","BOS","ATL","00:03:53",NA,NA,NA,"ATL","Normal","1 of 2","Made",77,80,233,3,"1",0,"2",FALSE,"BOS",-3,TRUE,-4,4,FALSE,TRUE,TRUE,TRUE,FALSE,FALSE,FALSE
"20120411ATLBOS","2012-04-11","BOS","ATL","00:03:53",NA,NA,NA,"ATL","Normal","2 of 2","Made",78,80,233,3,"2",1,"2",FALSE,"BOS",-2,TRUE,-3,3,FALSE,TRUE,TRUE,TRUE,FALSE,FALSE,FALSE
"20120413NJNPHI","2012-04-13","PHI","NJN","00:24:32",NA,NA,NA,"NJN","Normal","1 of 2","Made",37,44,1472,24,"1",0,"2",FALSE,"PHI",-7,TRUE,-8,8,FALSE,FALSE,FALSE,FALSE,FALSE,FALSE,FALSE
"20120413NJNPHI","2012-04-13","PHI","NJN","00:24:32",NA,NA,NA,"NJN","Normal","2 of 2","Made",38,44,1472,24,"2",1,"2",FALSE,"PHI",-6,TRUE,-7,7,FALSE,FALSE,FALSE,FALSE,FALSE,FALSE,FALSE
"20120413NJNPHI","2012-04-13","PHI","NJN","00:22:43",NA,NA,NA,"NJN","Normal","1 of 2","Made",42,46,1363,22,"1",0,"2",FALSE,"PHI",-4,TRUE,-5,5,FALSE,FALSE,TRUE,FALSE,FALSE,FALSE,FALSE
"20120413NJNPHI","2012-04-13","PHI","NJN","00:22:43",NA,NA,NA,"NJN","Normal","2 of 2","Missed",42,46,1363,22,"2",1,"2",FALSE,"PHI",-4,FALSE,-4,4,FALSE,FALSE,TRUE,FALSE,FALSE,FALSE,FALSE
"20120413NJNPHI","2012-04-13","PHI","NJN","00:15:55",NA,NA,NA,"NJN","Normal","1 of 2","Made",57,58,955,15,"1",0,"2",FALSE,"PHI",-1,TRUE,-2,2,FALSE,FALSE,TRUE,FALSE,FALSE,FALSE,FALSE
"20120413NJNPHI","2012-04-13","PHI","NJN","00:15:55",NA,NA,NA,"NJN","Normal","2 of 2","Made",58,58,955,15,"2",1,"2",FALSE,"PHI",0,TRUE,-1,1,FALSE,FALSE,TRUE,FALSE,FALSE,TRUE,FALSE
"20120413NJNPHI","2012-04-13","PHI","NJN","00:13:18",NA,NA,NA,"NJN","Normal","1 of 2","Missed",60,64,798,13,"1",0,"2",FALSE,"PHI",-4,FALSE,-4,4,FALSE,FALSE,TRUE,FALSE,FALSE,FALSE,FALSE
"20120413NJNPHI","2012-04-13","PHI","NJN","00:13:18",NA,NA,NA,"NJN","Normal","2 of 2","Made",61,64,798,13,"2",1,"2",FALSE,"PHI",-3,TRUE,-4,4,FALSE,FALSE,TRUE,FALSE,FALSE,FALSE,FALSE
"20120413NJNPHI","2012-04-13","PHI","NJN","00:04:11",NA,NA,NA,"NJN","Normal","1 of 1","Made",83,80,251,4,"1",0,"1",FALSE,"PHI",3,TRUE,2,2,TRUE,TRUE,TRUE,TRUE,FALSE,FALSE,FALSE
"20120413NJNPHI","2012-04-13","PHI","NJN","00:03:37",NA,NA,NA,"NJN","Normal","1 of 2","Made",84,82,217,3,"1",0,"2",FALSE,"PHI",2,TRUE,1,1,TRUE,TRUE,TRUE,TRUE,FALSE,FALSE,FALSE
"20120413NJNPHI","2012-04-13","PHI","NJN","00:03:37",NA,NA,NA,"NJN","Normal","2 of 2","Made",85,82,217,3,"2",1,"2",FALSE,"PHI",3,TRUE,2,2,TRUE,TRUE,TRUE,TRUE,FALSE,FALSE,FALSE
"20120413NJNPHI","2012-04-13","PHI","NJN","00:02:46",NA,NA,NA,"NJN","Normal","1 of 2","Made",86,85,166,2,"1",0,"2",FALSE,"PHI",1,TRUE,0,0,FALSE,TRUE,TRUE,TRUE,FALSE,FALSE,TRUE
"20120413NJNPHI","2012-04-13","PHI","NJN","00:02:46",NA,NA,NA,"NJN","Normal","2 of 2","Missed",86,85,166,2,"2",1,"2",FALSE,"PHI",1,FALSE,1,1,TRUE,TRUE,TRUE,TRUE,FALSE,FALSE,FALSE
"20120413NJNPHI","2012-04-13","PHI","NJN","00:01:58",NA,NA,NA,"NJN","Normal","1 of 2","Missed",86,85,118,1,"1",0,"2",FALSE,"PHI",1,FALSE,1,1,TRUE,TRUE,TRUE,TRUE,FALSE,FALSE,FALSE
"20120413NJNPHI","2012-04-13","PHI","NJN","00:01:58",NA,NA,NA,"NJN","Normal","2 of 2","Made",87,85,118,1,"2",1,"2",FALSE,"PHI",2,TRUE,1,1,TRUE,TRUE,TRUE,TRUE,FALSE,FALSE,FALSE
"20120414BOSNJN","2012-04-14","NJN","BOS","00:42:13",NA,NA,NA,"NJN","Technical","1 of 1","Missed",12,13,2533,42,"1",0,"1",TRUE,"BOS",-1,FALSE,-1,1,FALSE,FALSE,TRUE,FALSE,FALSE,TRUE,FALSE
"20120414BOSNJN","2012-04-14","NJN","BOS","00:41:45",NA,NA,NA,"NJN","Normal","1 of 1","Made",17,13,2505,41,"1",0,"1",TRUE,"BOS",4,TRUE,3,3,TRUE,FALSE,TRUE,FALSE,FALSE,FALSE,FALSE
"20120414BOSNJN","2012-04-14","NJN","BOS","00:07:57",NA,NA,NA,"NJN","Normal","1 of 2","Made",64,78,477,7,"1",0,"2",TRUE,"BOS",-14,TRUE,-15,15,FALSE,FALSE,FALSE,FALSE,FALSE,FALSE,FALSE
"20120414BOSNJN","2012-04-14","NJN","BOS","00:07:57",NA,NA,NA,"NJN","Normal","2 of 2","Made",65,78,477,7,"2",1,"2",TRUE,"BOS",-13,TRUE,-14,14,FALSE,FALSE,FALSE,FALSE,FALSE,FALSE,FALSE
"20120414BOSNJN","2012-04-14","NJN","BOS","00:04:18",NA,NA,NA,"NJN","Normal","1 of 2","Made",68,84,258,4,"1",0,"2",TRUE,"BOS",-16,TRUE,-17,17,FALSE,TRUE,FALSE,FALSE,FALSE,FALSE,FALSE
"20120414BOSNJN","2012-04-14","NJN","BOS","00:04:18",NA,NA,NA,"NJN","Normal","2 of 2","Made",69,84,258,4,"2",1,"2",TRUE,"BOS",-15,TRUE,-16,16,FALSE,TRUE,FALSE,FALSE,FALSE,FALSE,FALSE
"20120414BOSNJN","2012-04-14","NJN","BOS","00:03:46",NA,NA,NA,"NJN","Technical","1 of 1","Made",70,84,226,3,"1",0,"1",TRUE,"BOS",-14,TRUE,-15,15,FALSE,TRUE,FALSE,FALSE,FALSE,FALSE,FALSE
"20120414CLEWAS","2012-04-14","WAS","CLE","00:08:34",NA,NA,NA,"CLE","Normal","1 of 2","Made",82,78,514,8,"1",0,"2",FALSE,"WAS",4,TRUE,3,3,TRUE,FALSE,TRUE,FALSE,FALSE,FALSE,FALSE
"20120414CLEWAS","2012-04-14","WAS","CLE","00:08:34",NA,NA,NA,"CLE","Normal","2 of 2","Made",83,78,514,8,"2",1,"2",FALSE,"WAS",5,TRUE,4,4,TRUE,FALSE,TRUE,FALSE,FALSE,FALSE,FALSE
"20120414CLEWAS","2012-04-14","WAS","CLE","00:02:05",NA,NA,NA,"CLE","Normal","1 of 2","Made",95,87,125,2,"1",0,"2",FALSE,"WAS",8,TRUE,7,7,TRUE,TRUE,FALSE,FALSE,FALSE,FALSE,FALSE
"20120414CLEWAS","2012-04-14","WAS","CLE","00:02:05",NA,NA,NA,"CLE","Normal","2 of 2","Made",96,87,125,2,"2",1,"2",FALSE,"WAS",9,TRUE,8,8,TRUE,TRUE,FALSE,FALSE,FALSE,FALSE,FALSE
"20120415TORATL","2012-04-15","ATL","TOR","00:46:16",NA,NA,NA,"ATL","Normal","1 of 2","Made",3,5,2776,46,"1",0,"2",TRUE,"TOR",-2,TRUE,-3,3,FALSE,FALSE,TRUE,FALSE,FALSE,FALSE,FALSE
"20120415TORATL","2012-04-15","ATL","TOR","00:46:16",NA,NA,NA,"ATL","Normal","2 of 2","Made",4,5,2776,46,"2",1,"2",TRUE,"TOR",-1,TRUE,-2,2,FALSE,FALSE,TRUE,FALSE,FALSE,FALSE,FALSE
"20120415TORATL","2012-04-15","ATL","TOR","00:34:24",NA,NA,NA,"ATL","Normal","1 of 2","Missed",25,27,2064,34,"1",0,"2",TRUE,"TOR",-2,FALSE,-2,2,FALSE,FALSE,TRUE,FALSE,FALSE,FALSE,FALSE
"20120415TORATL","2012-04-15","ATL","TOR","00:34:24",NA,NA,NA,"ATL","Normal","2 of 2","Missed",25,27,2064,34,"2",1,"2",TRUE,"TOR",-2,FALSE,-2,2,FALSE,FALSE,TRUE,FALSE,FALSE,FALSE,FALSE
"20120415TORATL","2012-04-15","ATL","TOR","00:31:32",NA,NA,NA,"ATL","Normal","1 of 2","Made",29,33,1892,31,"1",0,"2",TRUE,"TOR",-4,TRUE,-5,5,FALSE,FALSE,TRUE,FALSE,FALSE,FALSE,FALSE
"20120415TORATL","2012-04-15","ATL","TOR","00:31:32",NA,NA,NA,"ATL","Normal","2 of 2","Made",30,33,1892,31,"2",1,"2",TRUE,"TOR",-3,TRUE,-4,4,FALSE,FALSE,TRUE,FALSE,FALSE,FALSE,FALSE
"20120415TORATL","2012-04-15","ATL","TOR","00:29:23",NA,NA,NA,"ATL","Normal","1 of 2","Made",31,38,1763,29,"1",0,"2",TRUE,"TOR",-7,TRUE,-8,8,FALSE,FALSE,FALSE,FALSE,FALSE,FALSE,FALSE
"20120415TORATL","2012-04-15","ATL","TOR","00:29:23",NA,NA,NA,"ATL","Normal","2 of 2","Made",32,38,1763,29,"2",1,"2",TRUE,"TOR",-6,TRUE,-7,7,FALSE,FALSE,FALSE,FALSE,FALSE,FALSE,FALSE
"20120415TORATL","2012-04-15","ATL","TOR","00:29:07",NA,NA,NA,"ATL","Normal","1 of 1","Made",35,38,1747,29,"1",0,"1",TRUE,"TOR",-3,TRUE,-4,4,FALSE,FALSE,TRUE,FALSE,FALSE,FALSE,FALSE
"20120415TORATL","2012-04-15","ATL","TOR","00:09:20",NA,NA,NA,"TOR","Normal","1 of 1","Made",80,65,560,9,"1",0,"1",FALSE,"ATL",15,TRUE,14,14,TRUE,FALSE,FALSE,FALSE,FALSE,FALSE,FALSE
"20120415TORATL","2012-04-15","ATL","TOR","00:06:05",NA,NA,NA,"ATL","Normal","1 of 2","Missed",69,88,365,6,"1",0,"2",TRUE,"TOR",-19,FALSE,-19,19,FALSE,FALSE,FALSE,FALSE,FALSE,FALSE,FALSE
"20120415TORATL","2012-04-15","ATL","TOR","00:06:05",NA,NA,NA,"ATL","Normal","2 of 2","Made",70,88,365,6,"2",1,"2",TRUE,"TOR",-18,TRUE,-19,19,FALSE,FALSE,FALSE,FALSE,FALSE,FALSE,FALSE
"20120415TORATL","2012-04-15","ATL","TOR","00:03:06",NA,NA,NA,"TOR","Normal","1 of 1","Missed",96,75,186,3,"1",0,"1",FALSE,"ATL",21,FALSE,21,21,TRUE,TRUE,FALSE,FALSE,FALSE,FALSE,FALSE
"20120415TORATL","2012-04-15","ATL","TOR","00:00:53",NA,NA,NA,"TOR","Normal","1 of 2","Made",101,84,53,0,"1",0,"2",FALSE,"ATL",17,TRUE,16,16,TRUE,TRUE,FALSE,FALSE,FALSE,FALSE,FALSE
"20120415TORATL","2012-04-15","ATL","TOR","00:00:53",NA,NA,NA,"TOR","Normal","2 of 2","Made",102,84,53,0,"2",1,"2",FALSE,"ATL",18,TRUE,17,17,TRUE,TRUE,FALSE,FALSE,FALSE,FALSE,FALSE
"20120416ATLTOR","2012-04-16","TOR","ATL","00:38:45",NA,NA,NA,"ATL","Normal","1 of 2","Missed",24,23,2325,38,"1",0,"2",FALSE,"TOR",1,FALSE,1,1,TRUE,FALSE,TRUE,FALSE,FALSE,FALSE,FALSE
"20120416ATLTOR","2012-04-16","TOR","ATL","00:38:45",NA,NA,NA,"ATL","Normal","2 of 2","Made",25,23,2325,38,"2",1,"2",FALSE,"TOR",2,TRUE,1,1,TRUE,FALSE,TRUE,FALSE,FALSE,FALSE,FALSE
"20120416ATLTOR","2012-04-16","TOR","ATL","00:34:50",NA,NA,NA,"TOR","Normal","1 of 2","Missed",32,32,2090,34,"1",0,"2",TRUE,"ATL",0,FALSE,0,0,FALSE,FALSE,TRUE,FALSE,FALSE,FALSE,TRUE
"20120416ATLTOR","2012-04-16","TOR","ATL","00:34:50",NA,NA,NA,"TOR","Normal","2 of 2","Made",33,32,2090,34,"2",1,"2",TRUE,"ATL",1,TRUE,0,0,FALSE,FALSE,TRUE,FALSE,FALSE,FALSE,TRUE
"20120416ATLTOR","2012-04-16","TOR","ATL","00:33:42",NA,NA,NA,"TOR","Normal","1 of 1","Made",38,34,2022,33,"1",0,"1",TRUE,"ATL",4,TRUE,3,3,TRUE,FALSE,TRUE,FALSE,FALSE,FALSE,FALSE
"20120416ATLTOR","2012-04-16","TOR","ATL","00:27:12",NA,NA,NA,"ATL","Technical","1 of 1","Made",50,48,1632,27,"1",0,"1",FALSE,"TOR",2,TRUE,1,1,TRUE,FALSE,TRUE,FALSE,FALSE,FALSE,FALSE
"20120416ATLTOR","2012-04-16","TOR","ATL","00:16:18",NA,NA,NA,"TOR","Normal","1 of 2","Missed",60,65,978,16,"1",0,"2",TRUE,"ATL",-5,FALSE,-5,5,FALSE,FALSE,TRUE,FALSE,FALSE,FALSE,FALSE
"20120416ATLTOR","2012-04-16","TOR","ATL","00:16:18",NA,NA,NA,"TOR","Normal","2 of 2","Made",61,65,978,16,"2",1,"2",TRUE,"ATL",-4,TRUE,-5,5,FALSE,FALSE,TRUE,FALSE,FALSE,FALSE,FALSE
"20120416ATLTOR","2012-04-16","TOR","ATL","00:14:28",NA,NA,NA,"ATL","Normal","1 of 1","Made",70,64,868,14,"1",0,"1",FALSE,"TOR",6,TRUE,5,5,TRUE,FALSE,TRUE,FALSE,FALSE,FALSE,FALSE
"20120416ATLTOR","2012-04-16","TOR","ATL","00:14:04",NA,NA,NA,"ATL","Normal","1 of 1","Missed",72,64,844,14,"1",0,"1",FALSE,"TOR",8,FALSE,8,8,TRUE,FALSE,FALSE,FALSE,FALSE,FALSE,FALSE
"20120416ATLTOR","2012-04-16","TOR","ATL","00:03:48",NA,NA,NA,"ATL","Normal","1 of 2","Made",95,79,228,3,"1",0,"2",FALSE,"TOR",16,TRUE,15,15,TRUE,TRUE,FALSE,FALSE,FALSE,FALSE,FALSE
"20120416ATLTOR","2012-04-16","TOR","ATL","00:03:48",NA,NA,NA,"ATL","Normal","2 of 2","Made",96,79,228,3,"2",1,"2",FALSE,"TOR",17,TRUE,16,16,TRUE,TRUE,FALSE,FALSE,FALSE,FALSE,FALSE
"20120416ATLTOR","2012-04-16","TOR","ATL","00:01:38",NA,NA,NA,"ATL","Normal","1 of 2","Made",103,83,98,1,"1",0,"2",FALSE,"TOR",20,TRUE,19,19,TRUE,TRUE,FALSE,FALSE,FALSE,FALSE,FALSE
"20120416ATLTOR","2012-04-16","TOR","ATL","00:01:38",NA,NA,NA,"ATL","Normal","2 of 2","Made",104,83,98,1,"2",1,"2",FALSE,"TOR",21,TRUE,20,20,TRUE,TRUE,FALSE,FALSE,FALSE,FALSE,FALSE
"20120418DETATL","2012-04-18","ATL","DET","00:41:52",NA,NA,NA,"ATL","Normal","1 of 2","Made",19,9,2512,41,"1",0,"2",TRUE,"DET",10,TRUE,9,9,TRUE,FALSE,FALSE,FALSE,FALSE,FALSE,FALSE
"20120418DETATL","2012-04-18","ATL","DET","00:41:52",NA,NA,NA,"ATL","Normal","2 of 2","Made",20,9,2512,41,"2",1,"2",TRUE,"DET",11,TRUE,10,10,TRUE,FALSE,FALSE,FALSE,FALSE,FALSE,FALSE
"20120418DETATL","2012-04-18","ATL","DET","00:33:40",NA,NA,NA,"ATL","Normal","1 of 1","Missed",45,24,2020,33,"1",0,"1",TRUE,"DET",21,FALSE,21,21,TRUE,FALSE,FALSE,FALSE,FALSE,FALSE,FALSE
"20120418DETATL","2012-04-18","ATL","DET","00:15:24",NA,NA,NA,"ATL","Normal","1 of 2","Made",86,54,924,15,"1",0,"2",TRUE,"DET",32,TRUE,31,31,TRUE,FALSE,FALSE,FALSE,FALSE,FALSE,FALSE
"20120418DETATL","2012-04-18","ATL","DET","00:15:24",NA,NA,NA,"ATL","Normal","2 of 2","Made",87,54,924,15,"2",1,"2",TRUE,"DET",33,TRUE,32,32,TRUE,FALSE,FALSE,FALSE,FALSE,FALSE,FALSE
"20120418DETATL","2012-04-18","ATL","DET","00:13:12",NA,NA,NA,"ATL","Normal","1 of 2","Missed",91,61,792,13,"1",0,"2",TRUE,"DET",30,FALSE,30,30,TRUE,FALSE,FALSE,FALSE,FALSE,FALSE,FALSE
"20120418DETATL","2012-04-18","ATL","DET","00:13:12",NA,NA,NA,"ATL","Normal","2 of 2","Made",92,61,792,13,"2",1,"2",TRUE,"DET",31,TRUE,30,30,TRUE,FALSE,FALSE,FALSE,FALSE,FALSE,FALSE
"20120418DETATL","2012-04-18","ATL","DET","00:06:41",NA,NA,NA,"ATL","Normal","1 of 1","Made",109,71,401,6,"1",0,"1",TRUE,"DET",38,TRUE,37,37,TRUE,FALSE,FALSE,FALSE,FALSE,FALSE,FALSE
"20120418DETATL","2012-04-18","ATL","DET","00:05:48",NA,NA,NA,"ATL","Normal","1 of 2","Made",110,73,348,5,"1",0,"2",TRUE,"DET",37,TRUE,36,36,TRUE,FALSE,FALSE,FALSE,FALSE,FALSE,FALSE
"20120418DETATL","2012-04-18","ATL","DET","00:05:48",NA,NA,NA,"ATL","Normal","2 of 2","Made",111,73,348,5,"2",1,"2",TRUE,"DET",38,TRUE,37,37,TRUE,FALSE,FALSE,FALSE,FALSE,FALSE,FALSE
"20120418ORLBOS","2012-04-18","BOS","ORL","00:14:46",NA,NA,NA,"ORL","Normal","1 of 2","Missed",70,69,886,14,"1",0,"2",FALSE,"BOS",1,FALSE,1,1,TRUE,FALSE,TRUE,FALSE,FALSE,FALSE,FALSE
"20120418ORLBOS","2012-04-18","BOS","ORL","00:14:46",NA,NA,NA,"ORL","Normal","2 of 2","Missed",70,69,886,14,"2",1,"2",FALSE,"BOS",1,FALSE,1,1,TRUE,FALSE,TRUE,FALSE,FALSE,FALSE,FALSE
"20120418TORMIA","2012-04-18","MIA","TOR","00:41:42",NA,NA,NA,"TOR","Normal","1 of 1","Made",15,12,2502,41,"1",0,"1",FALSE,"MIA",3,TRUE,2,2,TRUE,FALSE,TRUE,FALSE,FALSE,FALSE,FALSE
"20120418TORMIA","2012-04-18","MIA","TOR","00:35:38",NA,NA,NA,"TOR","Normal","1 of 1","Made",27,25,2138,35,"1",0,"1",FALSE,"MIA",2,TRUE,1,1,TRUE,FALSE,TRUE,FALSE,FALSE,FALSE,FALSE
"20120418TORMIA","2012-04-18","MIA","TOR","00:24:26",NA,NA,NA,"TOR","Normal","1 of 2","Made",46,49,1466,24,"1",0,"2",FALSE,"MIA",-3,TRUE,-4,4,FALSE,FALSE,TRUE,FALSE,FALSE,FALSE,FALSE
"20120418TORMIA","2012-04-18","MIA","TOR","00:24:26",NA,NA,NA,"TOR","Normal","2 of 2","Made",47,49,1466,24,"2",1,"2",FALSE,"MIA",-2,TRUE,-3,3,FALSE,FALSE,TRUE,FALSE,FALSE,FALSE,FALSE
"20120418UTAPOR","2012-04-18","POR","UTA","00:02:00",NA,NA,NA,"POR","Normal","1 of 2","Missed",86,108,120,2,"1",0,"2",TRUE,"UTA",-22,FALSE,-22,22,FALSE,TRUE,FALSE,FALSE,FALSE,FALSE,FALSE
"20120418UTAPOR","2012-04-18","POR","UTA","00:02:00",NA,NA,NA,"POR","Normal","2 of 2","Made",87,108,120,2,"2",1,"2",TRUE,"UTA",-21,TRUE,-22,22,FALSE,TRUE,FALSE,FALSE,FALSE,FALSE,FALSE
"20120420GSWDAL","2012-04-20","DAL","GSW","00:26:00",NA,NA,NA,"GSW","Normal","1 of 2","Made",42,46,1560,26,"1",0,"2",FALSE,"DAL",-4,TRUE,-5,5,FALSE,FALSE,TRUE,FALSE,FALSE,FALSE,FALSE
"20120420GSWDAL","2012-04-20","DAL","GSW","00:26:00",NA,NA,NA,"GSW","Normal","2 of 2","Made",43,46,1560,26,"2",1,"2",FALSE,"DAL",-3,TRUE,-4,4,FALSE,FALSE,TRUE,FALSE,FALSE,FALSE,FALSE
"20120420GSWDAL","2012-04-20","DAL","GSW","00:16:52",NA,NA,NA,"GSW","Normal","1 of 2","Missed",60,63,1012,16,"1",0,"2",FALSE,"DAL",-3,FALSE,-3,3,FALSE,FALSE,TRUE,FALSE,FALSE,FALSE,FALSE
"20120420GSWDAL","2012-04-20","DAL","GSW","00:16:52",NA,NA,NA,"GSW","Normal","2 of 2","Made",61,63,1012,16,"2",1,"2",FALSE,"DAL",-2,TRUE,-3,3,FALSE,FALSE,TRUE,FALSE,FALSE,FALSE,FALSE
"20120420GSWDAL","2012-04-20","DAL","GSW","00:14:36",NA,NA,NA,"GSW","Normal","1 of 2","Made",66,67,876,14,"1",0,"2",FALSE,"DAL",-1,TRUE,-2,2,FALSE,FALSE,TRUE,FALSE,FALSE,FALSE,FALSE
"20120420GSWDAL","2012-04-20","DAL","GSW","00:14:36",NA,NA,NA,"GSW","Normal","2 of 2","Made",67,67,876,14,"2",1,"2",FALSE,"DAL",0,TRUE,-1,1,FALSE,FALSE,TRUE,FALSE,FALSE,TRUE,FALSE
"20120420GSWDAL","2012-04-20","DAL","GSW","00:00:36",NA,NA,NA,"GSW","Normal","1 of 2","Missed",90,104,36,0,"1",0,"2",FALSE,"DAL",-14,FALSE,-14,14,FALSE,TRUE,FALSE,FALSE,FALSE,FALSE,FALSE
"20120420GSWDAL","2012-04-20","DAL","GSW","00:00:36",NA,NA,NA,"GSW","Normal","2 of 2","Made",91,104,36,0,"2",1,"2",FALSE,"DAL",-13,TRUE,-14,14,FALSE,TRUE,FALSE,FALSE,FALSE,FALSE,FALSE
"20120422TORDET","2012-04-22","DET","TOR","00:35:24",NA,NA,NA,"TOR","Normal","1 of 2","Missed",15,16,2124,35,"1",0,"2",FALSE,"DET",-1,FALSE,-1,1,FALSE,FALSE,TRUE,FALSE,FALSE,TRUE,FALSE
"20120422TORDET","2012-04-22","DET","TOR","00:35:24",NA,NA,NA,"TOR","Normal","2 of 2","Made",16,16,2124,35,"2",1,"2",FALSE,"DET",0,TRUE,-1,1,FALSE,FALSE,TRUE,FALSE,FALSE,TRUE,FALSE
"20120423TORMIL","2012-04-23","MIL","TOR","00:18:21",NA,NA,NA,"TOR","Normal","1 of 2","Made",62,53,1101,18,"1",0,"2",FALSE,"MIL",9,TRUE,8,8,TRUE,FALSE,FALSE,FALSE,FALSE,FALSE,FALSE
"20120423TORMIL","2012-04-23","MIL","TOR","00:18:21",NA,NA,NA,"TOR","Normal","2 of 2","Missed",62,53,1101,18,"2",1,"2",FALSE,"MIL",9,FALSE,9,9,TRUE,FALSE,FALSE,FALSE,FALSE,FALSE,FALSE
"20120423TORMIL","2012-04-23","MIL","TOR","00:07:56",NA,NA,NA,"TOR","Normal","1 of 2","Made",72,71,476,7,"1",0,"2",FALSE,"MIL",1,TRUE,0,0,FALSE,FALSE,TRUE,FALSE,FALSE,FALSE,TRUE
"20120423TORMIL","2012-04-23","MIL","TOR","00:07:56",NA,NA,NA,"TOR","Normal","2 of 2","Made",73,71,476,7,"2",1,"2",FALSE,"MIL",2,TRUE,1,1,TRUE,FALSE,TRUE,FALSE,FALSE,FALSE,FALSE
"20120425CHAORL","2012-04-25","ORL","CHA","00:38:56",NA,NA,NA,"ORL","Normal","1 of 2","Missed",29,17,2336,38,"1",0,"2",TRUE,"CHA",12,FALSE,12,12,TRUE,FALSE,FALSE,FALSE,FALSE,FALSE,FALSE
"20120425CHAORL","2012-04-25","ORL","CHA","00:38:56",NA,NA,NA,"ORL","Normal","2 of 2","Made",30,17,2336,38,"2",1,"2",TRUE,"CHA",13,TRUE,12,12,TRUE,FALSE,FALSE,FALSE,FALSE,FALSE,FALSE
"20120425CHAORL","2012-04-25","ORL","CHA","00:17:18",NA,NA,NA,"ORL","Normal","1 of 2","Made",68,66,1038,17,"1",0,"2",TRUE,"CHA",2,TRUE,1,1,TRUE,FALSE,TRUE,FALSE,FALSE,FALSE,FALSE
"20120425CHAORL","2012-04-25","ORL","CHA","00:17:18",NA,NA,NA,"ORL","Normal","2 of 2","Made",69,66,1038,17,"2",1,"2",TRUE,"CHA",3,TRUE,2,2,TRUE,FALSE,TRUE,FALSE,FALSE,FALSE,FALSE
"20120425WASCLE","2012-04-25","CLE","WAS","00:30:40",NA,NA,NA,"WAS","Normal","1 of 1","Missed",33,36,1840,30,"1",0,"1",FALSE,"CLE",-3,FALSE,-3,3,FALSE,FALSE,TRUE,FALSE,FALSE,FALSE,FALSE
"20120425WASCLE","2012-04-25","CLE","WAS","00:21:10",NA,NA,NA,"CLE","Normal","1 of 2","Missed",49,55,1270,21,"1",0,"2",TRUE,"WAS",-6,FALSE,-6,6,FALSE,FALSE,FALSE,FALSE,FALSE,FALSE,FALSE
"20120425WASCLE","2012-04-25","CLE","WAS","00:21:10",NA,NA,NA,"CLE","Normal","2 of 2","Made",50,55,1270,21,"2",1,"2",TRUE,"WAS",-5,TRUE,-6,6,FALSE,FALSE,FALSE,FALSE,FALSE,FALSE,FALSE
"20120426DALATL","2012-04-26","ATL","DAL","00:09:59",NA,NA,NA,"ATL","Normal","1 of 2","Made",87,74,599,9,"1",0,"2",TRUE,"DAL",13,TRUE,12,12,TRUE,FALSE,FALSE,FALSE,FALSE,FALSE,FALSE
"20120426DALATL","2012-04-26","ATL","DAL","00:09:59",NA,NA,NA,"ATL","Normal","2 of 2","Made",88,74,599,9,"2",1,"2",TRUE,"DAL",14,TRUE,13,13,TRUE,FALSE,FALSE,FALSE,FALSE,FALSE,FALSE
"20120426DALATL","2012-04-26","ATL","DAL","00:06:38",NA,NA,NA,"ATL","Normal","1 of 1","Missed",95,78,398,6,"1",0,"1",TRUE,"DAL",17,FALSE,17,17,TRUE,FALSE,FALSE,FALSE,FALSE,FALSE,FALSE
"20120426MIAWAS","2012-04-26","WAS","MIA","00:05:49",NA,NA,NA,"WAS","Normal","1 of 2","Missed",93,62,349,5,"1",0,"2",TRUE,"MIA",31,FALSE,31,31,TRUE,FALSE,FALSE,FALSE,FALSE,FALSE,FALSE
"20120426MIAWAS","2012-04-26","WAS","MIA","00:05:49",NA,NA,NA,"WAS","Normal","2 of 2","Made",94,62,349,5,"2",1,"2",TRUE,"MIA",32,TRUE,31,31,TRUE,FALSE,FALSE,FALSE,FALSE,FALSE,FALSE
